-- phpMyAdmin SQL Dump
-- version 4.7.7
-- https://www.phpmyadmin.net/
--
-- Хост: 127.0.0.1:3306
-- Время создания: Дек 19 2018 г., 22:24
-- Версия сервера: 5.7.20
-- Версия PHP: 7.2.0

SET SQL_MODE = "NO_AUTO_VALUE_ON_ZERO";
SET AUTOCOMMIT = 0;
START TRANSACTION;
SET time_zone = "+00:00";


/*!40101 SET @OLD_CHARACTER_SET_CLIENT=@@CHARACTER_SET_CLIENT */;
/*!40101 SET @OLD_CHARACTER_SET_RESULTS=@@CHARACTER_SET_RESULTS */;
/*!40101 SET @OLD_COLLATION_CONNECTION=@@COLLATION_CONNECTION */;
/*!40101 SET NAMES utf8mb4 */;

--
-- База данных: `tak-mebel`
--

-- --------------------------------------------------------

--
-- Структура таблицы `catalogs`
--

CREATE TABLE `catalogs` (
  `id` int(10) UNSIGNED NOT NULL,
  `name` varchar(191) COLLATE utf8mb4_unicode_ci DEFAULT NULL,
  `icon` varchar(191) COLLATE utf8mb4_unicode_ci DEFAULT NULL,
  `hidden` tinyint(4) NOT NULL DEFAULT '0',
  `created_at` timestamp NULL DEFAULT NULL,
  `updated_at` timestamp NULL DEFAULT NULL
) ENGINE=InnoDB DEFAULT CHARSET=utf8mb4 COLLATE=utf8mb4_unicode_ci;

--
-- Дамп данных таблицы `catalogs`
--

INSERT INTO `catalogs` (`id`, `name`, `icon`, `hidden`, `created_at`, `updated_at`) VALUES
(1, 'Стулья', 'airline_seat_recline_extra', 0, '2018-10-18 09:42:46', '2018-10-18 09:42:46'),
(2, 'Столы', 'tab', 0, '2018-10-18 09:44:51', '2018-10-18 09:44:51'),
(3, 'Диваны', 'event_seat', 0, '2018-10-18 09:45:10', '2018-10-18 09:45:10'),
(4, 'Шкафы', 'view_agenda', 0, '2018-10-18 09:45:24', '2018-10-18 09:45:24'),
(5, 'Кроваты', 'hotel', 0, '2018-10-18 09:45:38', '2018-10-18 09:45:38');

-- --------------------------------------------------------

--
-- Структура таблицы `information`
--

CREATE TABLE `information` (
  `id` int(10) UNSIGNED NOT NULL,
  `name` varchar(191) COLLATE utf8mb4_unicode_ci DEFAULT NULL,
  `icon` varchar(191) COLLATE utf8mb4_unicode_ci DEFAULT NULL,
  `content` text COLLATE utf8mb4_unicode_ci,
  `hidden` tinyint(4) NOT NULL DEFAULT '0',
  `created_at` timestamp NULL DEFAULT NULL,
  `updated_at` timestamp NULL DEFAULT NULL
) ENGINE=InnoDB DEFAULT CHARSET=utf8mb4 COLLATE=utf8mb4_unicode_ci;

--
-- Дамп данных таблицы `information`
--

INSERT INTO `information` (`id`, `name`, `icon`, `content`, `hidden`, `created_at`, `updated_at`) VALUES
(1, 'Оплата', 'credit_card', NULL, 0, NULL, NULL),
(2, 'Доставка', 'local_shipping', NULL, 0, NULL, NULL),
(3, 'Сборка', 'settings', NULL, 0, NULL, NULL),
(4, 'Контакты', 'phone', NULL, 0, NULL, NULL),
(5, 'О нас', 'info', NULL, 0, NULL, NULL);

-- --------------------------------------------------------

--
-- Структура таблицы `migrations`
--

CREATE TABLE `migrations` (
  `id` int(10) UNSIGNED NOT NULL,
  `migration` varchar(191) COLLATE utf8mb4_unicode_ci NOT NULL,
  `batch` int(11) NOT NULL
) ENGINE=InnoDB DEFAULT CHARSET=utf8mb4 COLLATE=utf8mb4_unicode_ci;

--
-- Дамп данных таблицы `migrations`
--

INSERT INTO `migrations` (`id`, `migration`, `batch`) VALUES
(1, '2014_10_12_000000_create_users_table', 1),
(2, '2014_10_12_100000_create_password_resets_table', 1),
(3, '2018_10_13_134800_create_products_table', 1),
(4, '2018_10_18_184529_create_catalogs_table', 1),
(5, '2018_10_18_211039_create_information_table', 1),
(6, '2018_10_23_183507_create_product_orders_table', 1);

-- --------------------------------------------------------

--
-- Структура таблицы `password_resets`
--

CREATE TABLE `password_resets` (
  `email` varchar(191) COLLATE utf8mb4_unicode_ci NOT NULL,
  `token` varchar(191) COLLATE utf8mb4_unicode_ci NOT NULL,
  `created_at` timestamp NULL DEFAULT NULL
) ENGINE=InnoDB DEFAULT CHARSET=utf8mb4 COLLATE=utf8mb4_unicode_ci;

-- --------------------------------------------------------

--
-- Структура таблицы `products`
--

CREATE TABLE `products` (
  `id` int(10) UNSIGNED NOT NULL,
  `name` varchar(191) COLLATE utf8mb4_unicode_ci NOT NULL,
  `catalog_id` int(11) DEFAULT NULL,
  `price` int(11) DEFAULT NULL,
  `colors` text COLLATE utf8mb4_unicode_ci,
  `description` text COLLATE utf8mb4_unicode_ci,
  `width` int(11) DEFAULT NULL,
  `height` int(11) DEFAULT NULL,
  `length` int(11) DEFAULT NULL,
  `material` text COLLATE utf8mb4_unicode_ci,
  `complect` text COLLATE utf8mb4_unicode_ci,
  `karkas` text COLLATE utf8mb4_unicode_ci,
  `images` text COLLATE utf8mb4_unicode_ci,
  `compound` text COLLATE utf8mb4_unicode_ci,
  `recommendation` int(11) DEFAULT NULL,
  `hidden` tinyint(4) NOT NULL DEFAULT '0',
  `available` tinyint(4) NOT NULL DEFAULT '1',
  `created_at` timestamp NULL DEFAULT NULL,
  `updated_at` timestamp NULL DEFAULT NULL
) ENGINE=InnoDB DEFAULT CHARSET=utf8mb4 COLLATE=utf8mb4_unicode_ci;

--
-- Дамп данных таблицы `products`
--

INSERT INTO `products` (`id`, `name`, `catalog_id`, `price`, `colors`, `description`, `width`, `height`, `length`, `material`, `complect`, `karkas`, `images`, `compound`, `recommendation`, `hidden`, `available`, `created_at`, `updated_at`) VALUES
(7, 'Шкаф двустворчатый \"Шон\" (Бук Вена)', 4, 93700, '[{\"color\":\"Красный\"},{\"color\":\"Синий\"},{\"color\":\"Темный\"}]', 'Шкаф двустворчатый для спального гарнитура \"Шон\" (с немец. Schön) имеет большой плательный отдел. Благодаря своему дизайну, шкаф идеально подходит для дополнения угловых композиций из шкафных групп и сочетается с шкафами пеналами и угловым шкафом\"Шон\" цвета Бук Вена . Спальный гарнитур «Шон» является новинкой 2017 года!', 2233, 916, 604, 'Ламинированное ДСП; Кромка ПВХ 16 мм. (толщиной от 0,4 до 2мм.)', NULL, NULL, '[{\"image\":\"/img/uploads/product/Snv2soATy0BW4KceoFK17CeOuyOCuUTbnmimDzSyvKFLz.jpg\"},{\"image\":\"/img/uploads/product/MpTWEiCXK7DlHowVCXd4ziN9dfceokR0A6f5svT9KHqWD.jpg\"},{\"image\":\"/img/uploads/product/1nk6wUIZxaIJ8uNEEC3Aw3fo4HX4ji1r1Us8ZrDfyGgB3.jpg\"}]', 'Рафикс, шкант + стяжка эксцентриковая', 0, 0, 1, '2018-12-16 13:01:56', '2018-12-16 13:01:56'),
(8, 'Шкаф трехстворчатый \"Шон\" (Бук Брюссель)', 4, 151600, '[{\"color\":\"Белый\"},{\"color\":\"Желтый\"},{\"color\":\"Темно-синий\"}]', 'Шкаф трехстворчатый для спального гарнитура \"Шон\" (с немец. Schön)  имеет плательный отдел и просторный отдел с полками. Благодаря своему дизайну, шкаф идеально подходит для средних комнат и идеально сочетается с кроватью \"Шон\" цвета Бук Брюссель . Спальный гарнитур «Шон» является новинкой 2017 года!', 2233, 1369, 604, 'Ламинированное ДСП; Кромка ПВХ 16 мм. (толщиной от 0,4 до 2мм.)', NULL, NULL, '[{\"image\":\"/img/uploads/product/E9G4pfv3CLxnU1c21cxby7QCTEtY66snOcwiQ0CZZmVxj.jpg\"},{\"image\":\"/img/uploads/product/P0zSXryY1OBduFaTx9yHgclBGTb0M5IfoxtjWOmwVxdnw.png\"},{\"image\":\"/img/uploads/product/pq713RfO5hPXm2npNQmWroQ6QapGzDd2cEdZkDcdr5IiX.png\"}]', 'Рафикс, шкант + стяжка эксцентриковая', 0, 0, 1, '2018-12-16 13:07:59', '2018-12-16 13:07:59'),
(9, 'Шкаф четырехстворчатый \"Шон\" (Бук Брюссель)', 4, 215400, '[{\"color\":\"Белый\"},{\"color\":\"Желтый\"},{\"color\":\"Темно-синий\"}]', 'Шкаф четырехстворчатый для спального гарнитура \"Шон\" (с немец. Schön)  имеет большой плательный отдел и просторный отдел с полками. Благодаря своему дизайну, шкаф идеально подходит для больших комнат и идеально сочетается с кроватью \"Шон\" цвета Бук Брюссель . Спальный гарнитур «Шон» является новинкой 2017 года!', 2233, 1816, 604, 'Ламинированное ДСП; Кромка ПВХ 16 мм. (толщиной от 0,4 до 2мм.)', NULL, NULL, '[{\"image\":\"/img/uploads/product/5qOx2kB5GuMJh8bfQhclQMnjbGEMdBZnLSulwvEybaiAy.jpg\"},{\"image\":\"/img/uploads/product/JSZRBaBTGehg16hT6Gz1sZyOkSqCI8zMLSSK7KPpSwa7q.jpg\"},{\"image\":\"/img/uploads/product/xj6EuR1wVR4q2wWZT6ayLfH19XFO680IGO7LbTktkNtYD.jpg\"}]', 'Рафикс, шкант + стяжка эксцентриковая', 0, 0, 1, '2018-12-16 13:22:22', '2018-12-16 13:22:22'),
(10, 'Шкаф пенал \"Шон\" (Бук Вена)', 4, 53400, '[{\"color\":\"Белый\"},{\"color\":\"Коричневый\"}]', 'Шкаф пенал для спального гарнитура \"Шон\" (с немец. Schön) имеет один отдел с полками. Благодаря своему дизайну, шкаф идеально подходит для дополнения угловых композиций из шкафных групп и сочетается со шкафом угловым и двустворчатыми шкафами \"Шон\" цвета Бук Вена . Спальный гарнитур «Шон» является новинкой 2017 года!', 2233, 466, 604, 'Ламинированное ДСП; Кромка ПВХ 16 мм. (толщиной от 0,4 до 2мм.)', NULL, NULL, '[{\"image\":\"/img/uploads/product/KCi9b9FcmU01IpSv53cSyBNB5AZFthvZ02RaVM3V5nKfG.jpg\"},{\"image\":\"/img/uploads/product/YNNYvNrCAo3GhqVFX2jozOFk7HTPC2ossKbWTvFWZ7eTG.jpg\"},{\"image\":\"/img/uploads/product/tuVjmyLF0KiKWV1OtghyR7h9C3I9O20wxwnOz15V3wlRY.jpg\"}]', 'Рафикс, шкант + стяжка эксцентриковая', 0, 0, 1, '2018-12-16 13:25:52', '2018-12-16 13:25:52'),
(11, 'Шкаф угловой \"Шон\" (Бук Вена)', 4, 132800, '[{\"color\":\"Белый\"},{\"color\":\"Черный\"},{\"color\":\"Бархатный\"}]', 'Шкаф для спального гарнитура \"Шон\" (с немец. Schön) имеет большое зеркало в полный рост. Благодаря своему дизайну, шкаф идеально подходит для создания угловых композиций из шкафных групп и сочетается со шкафами пеналами и двустворчатыми шкафами \"Шон\" цвета Бук Вена . Спальный гарнитур «Шон» является новинкой 2017 года!', 2233, 1044, 1044, 'Ламинированное ДСП; Кромка ПВХ 16 мм. (толщиной от 0,4 до 2мм.)', NULL, NULL, '[{\"image\":\"/img/uploads/product/wyJdSstCBMT1D0iFCCHLSQYLfSkuDPGpLPHDH05rhF1Us.jpg\"},{\"image\":\"/img/uploads/product/tYgOCDLZ5fS1JXkwX4NhafUxMI7pZOCrJ8xK38xQGCsmf.jpg\"}]', 'Рафикс, шкант + стяжка эксцентриковая', 0, 0, 1, '2018-12-16 13:28:51', '2018-12-16 13:28:51'),
(12, 'Шкаф 4-х створчатый \"Бренд\"', 4, 335200, '[{\"color\":\"Белый / авола\"},{\"color\":\"Антрацит/Кокоболо\"}]', 'Шкаф четырехстворчатый для спальни \"Бренд\" имеет в своей конструкции ЛДСП толщиной 25 мм, что придает надежности изделию. Шкаф 4-х створчатый спального гарнитура \"Бренд\" оснащен эстетичной подсветкой, которая придет шкафу изысканный вид, и вместе с тем, имеет практичное применение.', 2066, 2265, 625, 'Ламинированное ДСП 25мм; Кромка ПВХ 16 мм. (толщиной от 0,4 до 2мм.)', NULL, NULL, '[{\"image\":\"/img/uploads/product/zeLTUhYU4JcyteyN4sh69e3ERa3lcrfIZG1zKACmeml15.jpg\"},{\"image\":\"/img/uploads/product/kUtd90i353IHUlmpch4t8MyGUH4zFqqwL9JyOqdTBO62M.jpg\"},{\"image\":\"/img/uploads/product/Zde00SfNu94el0z2wOUmvMxNGN3sScPakRZ0e36nmaUzd.jpg\"},{\"image\":\"/img/uploads/product/KTnTQpyFfNXTmrKJTxoduEteBDUUUfq5MKTrXS55XMVbJ.jpg\"},{\"image\":\"/img/uploads/product/pJb2lyXoQQfM25fVMOKXWedEfAWkH3RbpIIpOAAKUIXrs.jpg\"}]', 'Рафикс, шкант + стяжка эксцентриковая', 0, 0, 1, '2018-12-16 13:32:49', '2018-12-16 13:32:49'),
(13, 'Стич стеллаж (синий)', 4, 56500, '[{\"color\":\"Синий\"}]', 'Стич стеллаж ( синий ) Гарантия на два года', 800, 1981, 365, 'Ламинированное ДСП 25мм; Кромка ПВХ 16 мм. (толщиной от 0,4 до 2мм.)', NULL, NULL, '[{\"image\":\"/img/uploads/product/RgWZBVJL41JuUiqfJREUuDSulZuPlcztgFfWduJrjDswc.jpg\"},{\"image\":\"/img/uploads/product/2PESt0njR0VdrI5wj98x6SsJUnuSbS5HbUHAAw2j9Rhyw.jpg\"},{\"image\":\"/img/uploads/product/2SXluiv74tJOIzS9RVsBpzEi1iR9GYDworqjBJArxZ2f5.jpg\"},{\"image\":\"/img/uploads/product/rXRScJrqA8oFrpM2qPjZyfB9stVaecfRYdhvaq8oI6aVl.jpg\"},{\"image\":\"/img/uploads/product/Aeft2mFscTHS6xPAPl7KNc05u23eC4J7cZVObnMje8Us9.jpg\"}]', NULL, 0, 0, 1, '2018-12-16 13:36:36', '2018-12-16 13:36:36'),
(14, 'Стич стеллаж (лайм)', 4, 56500, '[{\"color\":\"Лайм\"}]', 'Стич стеллаж ( Лайм) Гарантия на два года', 800, 1981, 365, 'Ламинированное ДСП 25мм; Кромка ПВХ 16 мм. (толщиной от 0,4 до 2мм.)', NULL, NULL, '[{\"image\":\"/img/uploads/product/IMdBzk3yCzNdDkz9yvAzQbPQrSpYaRpGixNgzMfqFzjs8.jpg\"},{\"image\":\"/img/uploads/product/7UshGIGbw94EApYvudCSglyhtlDeggNddcLpWr8n2jHZ7.jpg\"},{\"image\":\"/img/uploads/product/GuNuT05bagME5kwxyNZsxl74Uz1XoRSatn5MHwwSSiaCy.jpg\"},{\"image\":\"/img/uploads/product/BZBP9HZl6KLxd96kQYWZZ5v663zRHdGnjYtxgKMjDqCbE.png\"}]', NULL, 0, 0, 1, '2018-12-16 13:41:15', '2018-12-16 13:41:15'),
(15, 'Стич 2-х створчатый (синий)', 4, 86300, '[{\"color\":\"Синий\"}]', 'Стич 2-х створчатый ( синий ) Гарантия на два года', 800, 1891, 570, 'Ламинированное ДСП 25мм; Кромка ПВХ 16 мм. (толщиной от 0,4 до 2мм.)', NULL, NULL, '[{\"image\":\"/img/uploads/product/Fyvi7w9g3fC9R9tY47N607X1LcDW0deh6OIEuql4MG8kg.jpg\"},{\"image\":\"/img/uploads/product/CXNWPlv7MyrYSUM5d46mBCzgxPnNzgs2an2T3HST6HmbC.jpg\"},{\"image\":\"/img/uploads/product/rA76SzI6Gm4b9PYJQL2B5njFMicq0JLmEj7WsukVbZW1r.jpg\"},{\"image\":\"/img/uploads/product/4cBgJrVqWS6XpQxtDMMcnTSm5ZdomAFmyK1gVAcMwRU0C.jpg\"}]', NULL, 0, 0, 1, '2018-12-16 14:00:09', '2018-12-16 14:00:09'),
(17, 'Стич полка (лайм)', 4, 33500, '[{\"color\":\"Лайм\"}]', 'Стич полка ( лайм )  Гарантия на два года', 1400, 662, 275, 'Ламинированное ДСП 25мм; Кромка ПВХ 16 мм. (толщиной от 0,4 до 2мм.)', NULL, NULL, '[{\"image\":\"/img/uploads/product/2Pt1le9itHvY55pB3JB2Tpps9stizEMLVAIPH2zSQ5BDp.jpg\"},{\"image\":\"/img/uploads/product/JbOpqRPBV1f7l2hjGI5ResekJ0wEPiL2G74Qi5i13zw98.jpg\"},{\"image\":\"/img/uploads/product/zw0e9XNO3T8gKgMaciLc1clcH3vCry6EFtkJNe1je4cIe.jpg\"},{\"image\":\"/img/uploads/product/3r5kS4QiPCBqT8ssMdQvhB8NHFO5gBF3iewp511Ci2I6y.png\"}]', NULL, 0, 0, 1, '2018-12-16 14:04:14', '2018-12-16 14:04:14'),
(18, 'Стич полка (синий)', 4, 33500, '[{\"color\":\"Синий\"}]', 'Стич полка ( Синий)  Гарантия на два года', 1400, 662, 275, 'Ламинированное ДСП 25мм; Кромка ПВХ 16 мм. (толщиной от 0,4 до 2мм.)', NULL, NULL, '[{\"image\":\"/img/uploads/product/l1WNMmuq2eMivBDHv4FXe0rAsWAt1Wi0YLjYnhmBHbToE.jpg\"},{\"image\":\"/img/uploads/product/5fMXa97dn3sMrt2UoMXKIiahqfU4tlTv7swJqHkLUYzBw.jpg\"},{\"image\":\"/img/uploads/product/3dfPTyJ5fQ10cPSgEdi8MJHyo4gdFt40WWXlfSuLJFqZj.jpg\"},{\"image\":\"/img/uploads/product/HTJsOKZUL9UinG13a79qTENGmLVEUbJaBR8uoaqUVDo3r.png\"}]', NULL, 0, 0, 1, '2018-12-16 14:05:50', '2018-12-16 14:05:50'),
(19, 'Шкаф-комод 3-х створчатый \"Женева\"', 4, 139600, '[{\"color\":\"бодега светлый\"},{\"color\":\"бодега темный\"}]', 'Шкаф-комод трехстворчатый для спальни \"Женева\" цвета бодега темный  – функционально делится на большой и вместительный плательный отдел и полочный, для хранения вещей. Уникальность шкафу придает встроенный комод, повышая эффективность занимаемой площади. Шкаф универсальный, его можно собирать как на левую так и на правую сторону.По цветовой гамме: «Бодега Темный» рекомендуется в светлые комнаты (солнечная сторона). «Бодега Светлый» в темные комнаты (не солнечная сторона)\n\nВысота шкафов (210см) требует высоту помещения не ниже 230см. Так как мебель собирается в положении лежа, при подъеме шкаф, не достигнув вертикального положения имеет критическую высоту 225см.\n\nНе допускается передвижение шкафов в сборном виде, так как это приведет к механическому повреждению ножек.\n\nГарантия 2 года, если сборка спального гарнитура производится сборщиками фабрики «Мебель Парк»\n\nВ случае переезда, разбор и сборку мебели рекомендуется доверить сборщикам фабрики «Мебель Парк» - сохраняется гарантия (услуга платная). При самостоятельном разборе, сборе мебели – гарантийные обязательства – не действительны.', 1975, 2125, 594, 'Ламинированное ДСП Швейцарского концерна «Swiss krono group», завод Кроностар, Костромская обл, Россия. 16 мм.', 'Фурнитура механическая (петли на дверях, роликовые направляющие комода, тумбы) - Boyard', 'Регулируемые опоры шкафов и тумб, дают возможность выровнять положение изделия по горизонтали в пределах 2см. Это особенно актуально при неровной поверхности полов.Регулируемые опоры шкафов и тумб, дают возможность выровнять положение изделия по горизонтали в пределах 2см. Это особенно актуально при неровной поверхности полов.', '[{\"image\":\"/img/uploads/product/0L4ubGGjfPMfVLcbD7kDEt4tTVYz09Wb6bldx9y6r9G8R.png\"},{\"image\":\"/img/uploads/product/lgea0zXR1RFTcOJAuAZga1y1EvhJfqKxgrslgKPw2XmyW.png\"},{\"image\":\"/img/uploads/product/l9YmsVkGb6fhR9yecvlotsjJaPKtWZL7EcHWnbKzaAZ9L.jpg\"},{\"image\":\"/img/uploads/product/9q0m7VwDTThYjNPI4DGJ8Vv1ol3vZmQJceMnAdCZA1lBy.png\"}]', 'Поддержка дверей усиленная, так как состоит из четырех дверных петель. Петли на дверях и роликовые направляющие комодов, тумб Российской фирмы (Боярд);', 0, 0, 1, '2018-12-16 14:09:58', '2018-12-16 14:09:58'),
(20, 'Шкаф пенал \"Хоши\" (дуб санома / ясень шимо)', 4, 57600, '[{\"color\":\"бодега светлый\"},{\"color\":\"бодега темный\"}]', 'В случае переезда, разбор и сборку мебели рекомендуется доверить сборщикам фабрики «Мебель Парк» - сохраняется гарантия (услуга платная). При самостоятельном разборе, сборе мебели – гарантийные обязательства – не действительны.', 432, 2225, 602, 'Ламинированное ДСП Швейцарского концерна «Swiss krono group», завод Кроностар, Костромская обл, Россия. 16 мм.', 'Фурнитура механическая (петли на дверях, роликовые направляющие комода, тумбы) - Boyard', 'Регулируемые опоры шкафов и тумб, дают возможность выровнять положение изделия по горизонтали в пределах 2см. Это особенно актуально при неровной поверхности полов.Регулируемые опоры шкафов и тумб, дают возможность выровнять положение изделия по горизонтали в пределах 2см. Это особенно актуально при неровной поверхности полов.', '[{\"image\":\"/img/uploads/product/FcwvdPtEL6hbMRHybWjJK1N3Vyk9Gf3wuPrBqffZBkTAJ.png\"},{\"image\":\"/img/uploads/product/3Dt3meARZqvwuumHGOlmFHPzzbx6HarblUxNvVROf5CGX.jpg\"},{\"image\":\"/img/uploads/product/DwuVEe27wpMNA9AhOo7p1RseWyz343S9stXHuBEtqKg8z.png\"},{\"image\":\"/img/uploads/product/StG3kGEvSEn3AL0nlakuTwGvwoL2hdG09yxJvY0qQCCnx.png\"}]', 'Поддержка дверей усиленная, так как состоит из четырех дверных петель. Петли на дверях и роликовые направляющие комодов, тумб Российской фирмы (Боярд);', 0, 0, 1, '2018-12-16 14:12:15', '2018-12-16 14:12:15'),
(21, 'шкаф \"Хоши\" 3-х створчатый', 4, 135900, '[{\"color\":\"Красный\"},{\"color\":\"Синий\"},{\"color\":\"Коричневый\"}]', 'В случае переезда, разбор и сборку мебели рекомендуется доверить сборщикам фабрики «Мебель Парк» - сохраняется гарантия (услуга платная). При самостоятельном разборе, сборе мебели – гарантийные обязательства – не действительны.', 432, 2225, 602, 'Ламинированное ДСП Швейцарского концерна «Swiss krono group», завод Кроностар, Костромская обл, Россия. 16 мм.', 'Фурнитура механическая (петли на дверях, роликовые направляющие комода, тумбы) - Boyard', 'Регулируемые опоры шкафов и тумб, дают возможность выровнять положение изделия по горизонтали в пределах 2см. Это особенно актуально при неровной поверхности полов.Регулируемые опоры шкафов и тумб, дают возможность выровнять положение изделия по горизонтали в пределах 2см. Это особенно актуально при неровной поверхности полов.', '[{\"image\":\"/img/uploads/product/sLCTkrqNlDkBr73bCSVhGMCxAQdCnztfwQKDSNQNUBn8Z.png\"},{\"image\":\"/img/uploads/product/XTOHBgFvY8YSyEMsgXGG4tqITktPIPnMxElVELK95FeGX.png\"},{\"image\":\"/img/uploads/product/5aDOaAtxj5oRg4MxRZztdfDoDicErfvEjlPnGynxygxg0.png\"},{\"image\":\"/img/uploads/product/ouuIh0VKe7wa5ZQaSBxysGFn6a08oWM9ICr1Ty0FhEEl9.png\"}]', 'Поддержка дверей усиленная, так как состоит из четырех дверных петель. Петли на дверях и роликовые направляющие комодов, тумб Российской фирмы (Боярд);', 0, 0, 1, '2018-12-16 14:14:00', '2018-12-16 14:14:00'),
(22, 'шкаф угловой \"Хоши\" (дуб санома / ясень шимо)', 4, 118000, '[{\"color\":\"Красный\"},{\"color\":\"Синий\"},{\"color\":\"Коричневый\"}]', 'В случае переезда, разбор и сборку мебели рекомендуется доверить сборщикам фабрики «Мебель Парк» - сохраняется гарантия (услуга платная). При самостоятельном разборе, сборе мебели – гарантийные обязательства – не действительны.', 1011, 1011, 2255, 'Ламинированное ДСП Швейцарского концерна «Swiss krono group», завод Кроностар, Костромская обл, Россия. 16 мм.', 'Фурнитура механическая (петли на дверях, роликовые направляющие комода, тумбы) - Boyard', 'Регулируемые опоры шкафов и тумб, дают возможность выровнять положение изделия по горизонтали в пределах 2см. Это особенно актуально при неровной поверхности полов.Регулируемые опоры шкафов и тумб, дают возможность выровнять положение изделия по горизонтали в пределах 2см. Это особенно актуально при неровной поверхности полов.', '[{\"image\":\"/img/uploads/product/jRMGR7Ae5T2cH6YfeCdt8yoV3HJnCRp1o5nRAguj5SsgP.png\"},{\"image\":\"/img/uploads/product/5LX6A3zOyrcDElelcdHtgrZYUaeGMCtAndMXqB3aoKZ3c.jpg\"},{\"image\":\"/img/uploads/product/9WwCi6opaokykGLqAx4Sdr8j6no8GbNRryp7JkHDcrbtJ.png\"},{\"image\":\"/img/uploads/product/8x0dKiWexDtX2fyzKDJ05GGeG4MPSqmiGkoG8j6pIF2oY.png\"}]', 'Поддержка дверей усиленная, так как состоит из четырех дверных петель. Петли на дверях и роликовые направляющие комодов, тумб Российской фирмы (Боярд);', 0, 0, 1, '2018-12-16 14:17:57', '2018-12-16 14:17:57'),
(23, 'шкаф завершающий \"Хоши\" (дуб санома / ясень шимо)', 4, 49900, '[{\"color\":\"Красный\"},{\"color\":\"Синий\"},{\"color\":\"Бежевый\"}]', 'В случае переезда, разбор и сборку мебели рекомендуется доверить сборщикам фабрики «Мебель Парк» - сохраняется гарантия (услуга платная). При самостоятельном разборе, сборе мебели – гарантийные обязательства – не действительны.', 602, 1011, 473, 'Ламинированное ДСП Швейцарского концерна «Swiss krono group», завод Кроностар, Костромская обл, Россия. 16 мм.', 'Фурнитура механическая (петли на дверях, роликовые направляющие комода, тумбы) - Boyard', 'Регулируемые опоры шкафов и тумб, дают возможность выровнять положение изделия по горизонтали в пределах 2см. Это особенно актуально при неровной поверхности полов.Регулируемые опоры шкафов и тумб, дают возможность выровнять положение изделия по горизонтали в пределах 2см. Это особенно актуально при неровной поверхности полов.', '[{\"image\":\"/img/uploads/product/KG0pD4kwzLWvefdzB4OU0W0RhcLp0fpcqYp9Polo1sAKC.png\"},{\"image\":\"/img/uploads/product/QNSwsvrFvuF4WKCvjBohr1jHzZi7JWOdhJrIFbnrnZl6r.png\"},{\"image\":\"/img/uploads/product/Arbzu0M6ESjOFkQbQGhypxmJMqgIoS7VqvpY35709z1vM.jpg\"},{\"image\":\"/img/uploads/product/f6AEkUbEaozuEZIl3fEJUu0x0vPfyfDgyxFTZA6r2ARG7.png\"}]', 'Поддержка дверей усиленная, так как состоит из четырех дверных петель. Петли на дверях и роликовые направляющие комодов, тумб Российской фирмы (Боярд);', 0, 0, 1, '2018-12-16 14:19:42', '2018-12-16 14:19:42'),
(24, 'шкаф - пенал \"Сити\" (дуб сонома)', 4, 60000, '[{\"color\":\"Дуб сонома\"},{\"color\":\"/ Ясень шимо тёмный+ясень шимо светлый\"},{\"color\":\"ясень шимо темный\"}]', 'Шкаф пенал для спального гарнитура Сити цвета дуб сонома, функционально состоит из 5-ти вместительных полок для хранения вещей. Благодаря своей эргономичной ширине (455мм), с легкостью дополнит шкафную группу в ограниченном пространстве.', 602, 1011, 473, ': Ламинированное ДСП, завод Кроностар Швейцарского концерна \"Кроно Холдинг\"(одного из крупнейших мировых производителей древесных плит), Костромская область, Россия. 16 – 32мм.', 'Фурнитура механическая (петли на дверях, роликовые направляющие комода, тумбы) - Boyard', 'Регулируемые опоры шкафов и тумб, дают возможность выровнять положение изделия по горизонтали в пределах 2см. Это особенно актуально при неровной поверхности полов.Регулируемые опоры шкафов и тумб, дают возможность выровнять положение изделия по горизонтали в пределах 2см. Это особенно актуально при неровной поверхности полов.', '[{\"image\":\"/img/uploads/product/uvAb3cLHQgPdiNLsPHXKTuLTm63tgM5UGFvyQtMF1404d.png\"},{\"image\":\"/img/uploads/product/RrgP6yYWLnSfe46y7mujgjxkOYZ57AkySMBPVKf7fS0Dl.png\"},{\"image\":\"/img/uploads/product/Vmr9JW5NVt8WJyAmfCr2YGPBMFq0qcyssc4eKRGZOt3bp.png\"},{\"image\":\"/img/uploads/product/swIQVEK7p3m6li3kClWohDhYAmi7ieBjUFaFAqRqo7qHG.png\"}]', 'Поддержка дверей усиленная, так как состоит из четырех дверных петель. Петли на дверях и роликовые направляющие комодов, тумб Российской фирмы (Боярд);', 0, 0, 1, '2018-12-16 14:21:36', '2018-12-16 14:21:36'),
(25, 'шкаф \"Сити\" 2-х створчатый (дуб сонома)', 4, 84800, '[{\"color\":\"Дуб сонома\"},{\"color\":\"/ Ясень шимо тёмный+ясень шимо светлый\"},{\"color\":\"ясень шимо темный\"}]', 'Шкаф пенал для спального гарнитура Сити цвета дуб сонома, функционально состоит из 5-ти вместительных полок для хранения вещей. Благодаря своей эргономичной ширине (455мм), с легкостью дополнит шкафную группу в ограниченном пространстве.', 907, 2200, 603, ': Ламинированное ДСП, завод Кроностар Швейцарского концерна \"Кроно Холдинг\"(одного из крупнейших мировых производителей древесных плит), Костромская область, Россия. 16 – 32мм.', 'Фурнитура механическая (петли на дверях, роликовые направляющие комода, тумбы) - Boyard', 'Регулируемые опоры шкафов и тумб, дают возможность выровнять положение изделия по горизонтали в пределах 2см. Это особенно актуально при неровной поверхности полов.Регулируемые опоры шкафов и тумб, дают возможность выровнять положение изделия по горизонтали в пределах 2см. Это особенно актуально при неровной поверхности полов.', '[{\"image\":\"/img/uploads/product/C8vjtPgORUKTvCEWhUE6KuIDpX41xibeYdjUcYov9ra8L.png\"},{\"image\":\"/img/uploads/product/eTrBMEyxE4ZQxNQhNwV5qmlmVdiONmFEinitTNZnuyfCm.png\"},{\"image\":\"/img/uploads/product/jSUVFdPZfkkeYPukJPWZPOX0MqISrIfB1mJ1n8VXboqr2.png\"}]', 'Поддержка дверей усиленная, так как состоит из четырех дверных петель. Петли на дверях и роликовые направляющие комодов, тумб Российской фирмы (Боярд);', 0, 0, 1, '2018-12-16 14:23:10', '2018-12-16 14:23:10'),
(26, 'шкаф \"Сити\" 3-х створчатый (дуб сонома)', 4, 136700, '[{\"color\":\"Дуб сонома\"},{\"color\":\"/ Ясень шимо тёмный+ясень шимо светлый\"},{\"color\":\"ясень шимо темный\"}]', 'Шкаф пенал для спального гарнитура Сити цвета дуб сонома, функционально состоит из 5-ти вместительных полок для хранения вещей. Благодаря своей эргономичной ширине (455мм), с легкостью дополнит шкафную группу в ограниченном пространстве.', 1360, 2200, 603, ': Ламинированное ДСП, завод Кроностар Швейцарского концерна \"Кроно Холдинг\"(одного из крупнейших мировых производителей древесных плит), Костромская область, Россия. 16 – 32мм.', 'Фурнитура механическая (петли на дверях, роликовые направляющие комода, тумбы) - Boyard', 'Регулируемые опоры шкафов и тумб, дают возможность выровнять положение изделия по горизонтали в пределах 2см. Это особенно актуально при неровной поверхности полов.Регулируемые опоры шкафов и тумб, дают возможность выровнять положение изделия по горизонтали в пределах 2см. Это особенно актуально при неровной поверхности полов.', '[{\"image\":\"/img/uploads/product/ncn05HE1EtHA81JrPbXKcbb81eAibBi29idhTAHVeYUFL.png\"},{\"image\":\"/img/uploads/product/njZKUL267VlWZVzxrVdyftKPYnM6avHLWLTq28LIqiXNU.png\"},{\"image\":\"/img/uploads/product/9KC2z59pPLoM70RLgMDeV0De0HA3U6XlyansDR3ONnWpg.png\"}]', 'Поддержка дверей усиленная, так как состоит из четырех дверных петель. Петли на дверях и роликовые направляющие комодов, тумб Российской фирмы (Боярд);', 0, 0, 1, '2018-12-16 14:24:20', '2018-12-16 14:24:20'),
(27, 'шкаф завершающий \"Хоши\"', 4, 49900, '[{\"color\":\"Дуб сонома\"},{\"color\":\"ясень шимо темный\"}]', 'Шкаф пенал для спального гарнитура Сити цвета дуб сонома, функционально состоит из 5-ти вместительных полок для хранения вещей. Благодаря своей эргономичной ширине (455мм), с легкостью дополнит шкафную группу в ограниченном пространстве.', 602, 2200, 473, ': Ламинированное ДСП, завод Кроностар Швейцарского концерна \"Кроно Холдинг\"(одного из крупнейших мировых производителей древесных плит), Костромская область, Россия. 16 – 32мм.', 'Фурнитура механическая (петли на дверях, роликовые направляющие комода, тумбы) - Boyard', 'Регулируемые опоры шкафов и тумб, дают возможность выровнять положение изделия по горизонтали в пределах 2см. Это особенно актуально при неровной поверхности полов.Регулируемые опоры шкафов и тумб, дают возможность выровнять положение изделия по горизонтали в пределах 2см. Это особенно актуально при неровной поверхности полов.', '[{\"image\":\"/img/uploads/product/ERCy5hsDEvPZaQ29RGWnAtCcTojAtIuREiliWwVirVrML.jpg\"},{\"image\":\"/img/uploads/product/REsmMEEUt7zmluIfEEkWXGXIWULUlQFUoeaUyykPyBthF.png\"},{\"image\":\"/img/uploads/product/ABeFmKUJm9ZMX15Ubhip7GzEoQvpTFLBTEyed3S57yx2q.png\"}]', 'Поддержка дверей усиленная, так как состоит из четырех дверных петель. Петли на дверях и роликовые направляющие комодов, тумб Российской фирмы (Боярд);', 0, 0, 1, '2018-12-16 14:28:09', '2018-12-16 14:28:09'),
(28, 'шкаф - пенал \"Наоми\"', 4, 85600, '[{\"color\":\"Венге\"},{\"color\":\"молочный\"}]', 'Шкаф пенал для спального гарнитура \"Наоми\" цветом венге, функционально состоит из 5-ти вместительных полок для хранения вещей. Благодаря своей эргономичной ширине (590мм), с легкостью дополнит шкафную группу в ограниченном пространстве.', 526, 2300, 624, ': Ламинированное ДСП, завод Кроностар Швейцарского концерна \"Кроно Холдинг\"(одного из крупнейших мировых производителей древесных плит), Костромская область, Россия. 16 – 32мм.', 'Фурнитура механическая (петли на дверях, роликовые направляющие комода, тумбы) - Boyard', 'Регулируемые опоры шкафов и тумб, дают возможность выровнять положение изделия по горизонтали в пределах 2см. Это особенно актуально при неровной поверхности полов.Регулируемые опоры шкафов и тумб, дают возможность выровнять положение изделия по горизонтали в пределах 2см. Это особенно актуально при неровной поверхности полов.', '[{\"image\":\"/img/uploads/product/ZMli26IvtMi2VmzPd7MLJ1bZwpjbeDbPrTBbsnwjldTrR.png\"},{\"image\":\"/img/uploads/product/l0dCvRFXJIAeebtiCHpAloV1xTogCbzEqOdwb3VHXDv0l.png\"},{\"image\":\"/img/uploads/product/xlS8eUeE363MvrY5LJz26as6zRJiDlXSsKXxCPmQ5qY1c.png\"}]', '«RAFIX-SE» «эксцентриковая стяжка», обеспечивающие жесткое и надежное крепление, позволяющая производить многократную разборку и сборку мебели.', 0, 0, 1, '2018-12-16 14:30:15', '2018-12-16 14:30:15'),
(29, 'шкаф \"Наоми\" 3-х створчатый', 4, 195600, '[{\"color\":\"Венге\"},{\"color\":\"Кожзам\"}]', 'Шкаф трехстворчатый \"Наоми\" цвета венге функционально делится на большой и вместительный плательный отдел и полочный, для хранения вещей. Высота шкафов (230см) требует высоту помещения не ниже 250см. Так как мебель собирается в положении лежа, при подъеме шкаф, не достигнув вертикального положения имеет критическую высоту 245см.\n\nНе допускается передвижение шкафов в сборном виде, так как это приведет к механическому повреждению ножек.\n\nГарантия 2 года, если сборка спального гарнитура производится сборщиками фабрики «Мебель Парк»\n\nВ случае переезда, разбор и сборку мебели рекомендуется доверить сборщикам фабрики «Мебель Парк» - сохраняется гарантия (услуга платная). При самостоятельном разборе, сборе мебели гарантийные обязательства – не действительны.', 1572, 2300, 624, ': Ламинированное ДСП, завод Кроностар Швейцарского концерна \"Кроно Холдинг\"(одного из крупнейших мировых производителей древесных плит), Костромская область, Россия. 16 – 32мм.', 'Фурнитура механическая (петли на дверях, роликовые направляющие комода, тумбы) - Boyard', 'Регулируемые опоры шкафов и тумб, дают возможность выровнять положение изделия по горизонтали в пределах 2см. Это особенно актуально при неровной поверхности полов.Регулируемые опоры шкафов и тумб, дают возможность выровнять положение изделия по горизонтали в пределах 2см. Это особенно актуально при неровной поверхности полов.', '[{\"image\":\"/img/uploads/product/6AX4C2GLjlm3excRJkWFOSjwjQa9OWU63TLsrjby7i0NM.png\"},{\"image\":\"/img/uploads/product/TE6G4BFV36m5zxjO0qUMeaU2lQuJt8fbEZ2h5GMBry20b.png\"},{\"image\":\"/img/uploads/product/zLY45XGT4DIPg9ifSIBI1ltBvRKI9LzZU93lQEhCxra6Q.png\"}]', '«RAFIX-SE» «эксцентриковая стяжка», обеспечивающие жесткое и надежное крепление, позволяющая производить многократную разборку и сборку мебели.', 0, 0, 1, '2018-12-16 14:31:53', '2018-12-16 14:31:53'),
(30, 'шкаф угловой \"Наоми\" (венге / кожзам)', 4, 124000, '[{\"color\":\"Венге\"},{\"color\":\"Кожзам\"}]', 'Плательный угловой шкаф для спального гарнитура Наоми цвета венге, идеально подходит для маленьких комнат. Многофункциональность шкафа плательного углового \"Наоми\", экономит полезную площадь для других целей. При расчете габаритов шкафа плательного углового, необходимо дополнительно прибавлять 10см (870+100мм = 970мм) так как угловой шкаф выравнивается по фасадам шкафов распологающихся с левой и правой стороны. Если шкаф подставляется только с одной стороны, то 10 см. не прибавляется, так как вторая сторона плотно подставится к стенке.', 904, 2300, 938, ': Ламинированное ДСП, завод Кроностар Швейцарского концерна \"Кроно Холдинг\"(одного из крупнейших мировых производителей древесных плит), Костромская область, Россия. 16 – 32мм.', 'Фурнитура механическая (петли на дверях, роликовые направляющие комода, тумбы) - Boyard', 'Регулируемые опоры шкафов и тумб, дают возможность выровнять положение изделия по горизонтали в пределах 2см. Это особенно актуально при неровной поверхности полов.Регулируемые опоры шкафов и тумб, дают возможность выровнять положение изделия по горизонтали в пределах 2см. Это особенно актуально при неровной поверхности полов.', '[{\"image\":\"/img/uploads/product/Q3RWwDx70apvKq9gpMz16yGia8PuK2jUGcmgBi0UPPOCY.png\"},{\"image\":\"/img/uploads/product/WReB25zxJaCRqtxnP01ULyQWnMdZgJpMBoNMtYuG9rAIx.png\"},{\"image\":\"/img/uploads/product/wquo7fFelJ29pIo1c8ZpzX07rmxgNdEy3TZuBtCarZ0pn.png\"}]', '«RAFIX-SE» «эксцентриковая стяжка», обеспечивающие жесткое и надежное крепление, позволяющая производить многократную разборку и сборку мебели.', 0, 0, 1, '2018-12-16 14:34:05', '2018-12-16 14:34:05'),
(31, 'шкаф - пенал открытый \"Наоми\" (венге / кожзам)', 4, 90400, '[{\"color\":\"Венге\"},{\"color\":\"Кожзам\"}]', 'Пенал открытый с полками для спальни \"Наоми\" цвета венге, располагаясь между шкафами, хорошо разряжает пространство и добавляет место для книг и элементов декора.   \n\nПоддержка дверей усиленная, так как состоит из пяти дверных петель. Ответная планка петли крепится на спец.винт, что повышает прочность крепления. Петли на дверях и роликовые направляющие комодов, тумб немецкой фирмы (Хефели), рассчитаны на 20000 циклов (открывания закрывания);\nВысота шкафов (230см) требует высоту помещения не ниже 250см. Так как мебель собирается в положении лежа, при подъеме шкаф, не достигнув вертикального положения имеет критическую высоту 245см.\n\nНе допускается передвижение шкафов в сборном виде, так как это приведет к механическому повреждению ножек.\n\nГарантия 2 года, если сборка спального гарнитура производится сборщиками фабрики «Мебель Парк»\n\nВ случае переезда, разбор и сборку мебели рекомендуется доверить сборщикам фабрики «Мебель Парк» - сохраняется гарантия (услуга платная). При самостоятельном разборе, сборе мебели гарантийные обязательства – не действительны.', 590, 2300, 420, 'Использование ДСП разной толщины на различных элементах комода для спальни \"Наоми\",  обеспечивает максимальную долговечность комода;', 'Фурнитура механическая (петли на дверях, роликовые направляющие комода, тумбы) - Boyard', 'Регулируемые опоры шкафов и тумб дают возможность выровнять положение изделия по горизонтали в пределах 2см.', '[{\"image\":\"/img/uploads/product/lGuHR42jwNcXFq7AoGr6MW0shZTozM7L3czT97qXTrTx0.png\"},{\"image\":\"/img/uploads/product/I3z3vwcqaeXWTLX5oFQNK69gf4lpXkVUk3sR1w2HenA9B.png\"},{\"image\":\"/img/uploads/product/9WhaHX11l8un4CP1sXgeabvAQgynFts7zL51Z2MHuKZYK.png\"}]', '«RAFIX-SE» «эксцентриковая стяжка», обеспечивающие жесткое и надежное крепление, позволяющая производить многократную разборку и сборку мебели.', 0, 0, 1, '2018-12-16 14:36:02', '2018-12-16 14:36:02'),
(32, 'диван Визит 2', 3, 138268, '[]', 'в основании сиденья - пенополиуретан, синтепон. Подушки спинки - гипоаллергенный пух \"комфорель\".\n\nМеханизм трансформации: большой диван, кресло - \"акнар\"; угловой диван - \"дельфин\".\nДля удаления сильных загрязнений или если вы не уверены в том, как следует чистить Вашу обивку - мы рекомендуем обратиться в компанию, которая профессионально занимается чисткой мебельных тканей и изделий из них. \n Если Вы собираетесь стирать съемные чехлы на молнии, чтобы не испортить материал во время стирки, предварительно закройте каждую молнию.\nСухую чистку проводите щеткой с мягкой щетиной, так как жесткая может повредить поверхность материала.\n Для того, чтобы мебельная ткань не выцветала и выгорала раньше времени, её желательно не ставить под прямыми солнечными лучами.\nЕсли мебельная ткань электризуется, обрабатывайте её поверхность антистатическими средствами, регулярно увлажняйте помещение.\n Для удаления пыли регулярно обрабатывайте поверхность ткани пылесосом или влажной губкой или проводите чистку мягкой щёткой (не чаще 1 раза в неделю).\nСтирайте при температуре, не превышающей 30С, на руках или в стиральной машине (режим \"Деликатная стирка\"). \nНе выжимайте ткань вручную. Используйте краткий режим отжима или естественную сушку.\nСъемные чехлы гладьте с изнаночной стороны через хлопковую белую ткань (максимальная температура 110С). \n\n\n\n\n\n\nДля удаления пыли регулярно обрабатывайте поверхность ткани пылесосом или влажной губкой или проводите чистку мягкой щёткой (не чаще 1 раза в неделю).\nСтирайте при температуре, не превышающей 30С, на руках или в стиральной машине (режим \"Деликатная стирка\"). \nНе выжимайте ткань вручную. Используйте краткий режим отжима или естественную сушку.\nСъемные чехлы гладьте с изнаночной стороны через хлопковую белую ткань (максимальная температура 110С).', 880, 950, 1940, NULL, NULL, 'древесина хвойных пород, многослойная фанера, ЛДСП, ЛДВП.', '[{\"image\":\"/img/uploads/product/5EXJUCFa7htiOdDJczk34EzH4jO1cxzLMexyWEwkombgg.jpg\"},{\"image\":\"/img/uploads/product/z1ypZOuYu6rCatgzBcQmLp2YQLNfHnolJbruuzDQoHrXb.jpg\"},{\"image\":\"/img/uploads/product/rUCH7ZGZZhDrc54QufUf8gyIwl2LtdEw3ycFZhdLwYWuB.jpg\"},{\"image\":\"/img/uploads/product/cVoe4at4YnculPknDo8hOuOskPdo0kuv1UbJP8pvCKhNN.jpg\"}]', NULL, 0, 0, 1, '2018-12-18 23:23:49', '2018-12-18 23:23:49'),
(33, 'диван Модест 4', 3, 147135, '[{\"color\":\"Красный\"},{\"color\":\"Синий\"},{\"color\":\"Желтый\"}]', 'Уход и чистка ткани:\nДля удаления сильных загрязнений или если вы не уверены в том, как следует чистить Вашу обивку - мы рекомендуем обратиться в компанию, которая профессионально занимается чисткой мебельных тканей и изделий из них. \n Если Вы собираетесь стирать съемные чехлы на молнии, чтобы не испортить материал во время стирки, предварительно закройте каждую молнию.\nСухую чистку проводите щеткой с мягкой щетиной, так как жесткая может повредить поверхность материала.\n Для того, чтобы мебельная ткань не выцветала и выгорала раньше времени, её желательно не ставить под прямыми солнечными лучами.\nЕсли мебельная ткань электризуется, обрабатывайте её поверхность антистатическими средствами, регулярно увлажняйте помещение.\n Для удаления пыли регулярно обрабатывайте поверхность ткани пылесосом или влажной губкой или проводите чистку мягкой щёткой (не чаще 1 раза в неделю).\nСтирайте при температуре, не превышающей 30С, на руках или в стиральной машине (режим \"Деликатная стирка\"). \nНе выжимайте ткань вручную. Используйте краткий режим отжима или естественную сушку.\nСъемные чехлы гладьте с изнаночной стороны через хлопковую белую ткань (максимальная температура 110С). \n\n\n\n\n\n\nДля удаления пыли регулярно обрабатывайте поверхность ткани пылесосом или влажной губкой или проводите чистку мягкой щёткой (не чаще 1 раза в неделю).\nСтирайте при температуре, не превышающей 30С, на руках или в стиральной машине (режим \"Деликатная стирка\"). \nНе выжимайте ткань вручную. Используйте краткий режим отжима или естественную сушку.\nСъемные чехлы гладьте с изнаночной стороны через хлопковую белую ткань (максимальная температура 110С).', 1890, 1100, 920, 'высокоэластичный пенополиуретан; подлокотники - формованный пенополиуритан.', NULL, 'древесина хвойных пород, многослойная фанера, ЛДСП.', '[{\"image\":\"/img/uploads/product/VpctKsFKRK7VldIo3srq7wO0JZJMTtPUorLtaEK9v2Zof.jpg\"},{\"image\":\"/img/uploads/product/q4UIxkUQHa9xMgx7YmnDKd42dgHS2Vwj7TNojZrv6JraI.jpg\"},{\"image\":\"/img/uploads/product/CDgCX59zfRAIi9fmzLv7bdmpIfnGtIlwBmZ7Vlkhg5NTz.jpg\"},{\"image\":\"/img/uploads/product/cz8QeulhO1O8faw790g6kATAWpre7WgYQRNFsOQZdlLDh.jpg\"}]', NULL, 0, 0, 1, '2018-12-18 23:26:54', '2018-12-18 23:26:54'),
(34, 'диван Модест 4 (Новый век)', 3, 136752, '[{\"color\":\"Коричневый\"},{\"color\":\"Бежевый\"}]', 'Уход и чистка ткани:\nДля удаления сильных загрязнений или если вы не уверены в том, как следует чистить Вашу обивку - мы рекомендуем обратиться в компанию, которая профессионально занимается чисткой мебельных тканей и изделий из них. \n Если Вы собираетесь стирать съемные чехлы на молнии, чтобы не испортить материал во время стирки, предварительно закройте каждую молнию.\nСухую чистку проводите щеткой с мягкой щетиной, так как жесткая может повредить поверхность материала.\n Для того, чтобы мебельная ткань не выцветала и выгорала раньше времени, её желательно не ставить под прямыми солнечными лучами.\nЕсли мебельная ткань электризуется, обрабатывайте её поверхность антистатическими средствами, регулярно увлажняйте помещение.', 1690, 1100, 920, 'высокоэластичный пенополиуретан; подлокотники - формованный пенополиуритан.', NULL, 'древесина хвойных пород, многослойная фанера, ЛДСП.', '[{\"image\":\"/img/uploads/product/Q9zXxmeK63G3aFTetQws1rO6tFulBogIQ8goGk3QgEgef.jpg\"},{\"image\":\"/img/uploads/product/ulvIrLxR0qwXFT3B8gsHZ8MPALzVgiSYnH0JGZM1iYtSL.jpg\"},{\"image\":\"/img/uploads/product/a5ebHgt5Sorow4CcpmIZtQ5jQ5HHsq1daPtPdq06IDXCy.jpg\"}]', NULL, 0, 0, 1, '2018-12-18 23:29:15', '2018-12-18 23:29:15'),
(35, 'диван Модест 5', 3, 118492, '[{\"color\":\"Белый\"},{\"color\":\"Красный\"},{\"color\":\"Желтый\"}]', 'Спальное место включает в себя высокоэластичный пенополиуретан, лежащий на основании из гнутоклееного латофлекса. Наполнитель в подушках «пенополиуретановая крошка».', 2100, 870, 920, 'Диван – имеет разборные элементы: спинка, подлокотники, ящики из ЛДСП, а также мягкие подушки большие и малые.', 'Большой диван (БД)', NULL, '[{\"image\":\"/img/uploads/product/h44PYn3m6KTGRy1kE2iTMmfK15I86cd9uZKWAFQhMrMYe.jpg\"},{\"image\":\"/img/uploads/product/oQVt3sav7iCixtPdi8UV0dXlaxhyiBkzZIhrhuyigJ5nW.jpg\"},{\"image\":\"/img/uploads/product/BgcX6xLjrOY14swo3VjuOcgdBKHRCNCOvy1AoLrGRQcFY.jpg\"},{\"image\":\"/img/uploads/product/YY26xrVPf2R9mOUYtwGgHJ2tCsYuMFhjtVIDymi3wxowz.jpg\"}]', NULL, 0, 0, 1, '2018-12-18 23:31:26', '2018-12-18 23:31:26'),
(36, 'диван \"Морион\" от Новый век', 3, 175912, '[{\"color\":\"Бежевый\"},{\"color\":\"Белый\"}]', 'Уход и чистка ткани:\nДля удаления сильных загрязнений или если вы не уверены в том, как следует чистить Вашу обивку - мы рекомендуем обратиться в компанию, которая профессионально занимается чисткой мебельных тканей и изделий из них. \n Если Вы собираетесь стирать съемные чехлы на молнии, чтобы не испортить материал во время стирки, предварительно закройте каждую молнию.\nСухую чистку проводите щеткой с мягкой щетиной, так как жесткая может повредить поверхность материала.\n Для того, чтобы мебельная ткань не выцветала и выгорала раньше времени, её желательно не ставить под прямыми солнечными лучами.\nЕсли мебельная ткань электризуется, обрабатывайте её поверхность антистатическими средствами, регулярно увлажняйте помещение.', 1090, 850, 1800, 'в основании спального места – высокоэластичный пенополиуретан, синтепон. Декоративные подушки – гипоаллергенный пух «Комфорель»', 'большой диван, малый диван, кресло-кровать.', 'подлокотники и спинка выполнены из древесины хвойных пород, фанеры лиственных пород. Основание – металлический каркас с ортопедическими ламелиями. Бельевой ящик из белого ЛДСП.', '[{\"image\":\"/img/uploads/product/vMfaYQNmt7TvsXVam87KsZWbRD9lTTnMEflyxNbCQjoeH.jpg\"},{\"image\":\"/img/uploads/product/Rg1BDRld9TVfDSCdVGUA4MQg6XLiWxmYUMaiAG472PbdE.jpg\"},{\"image\":\"/img/uploads/product/KJUsvqZxMF19Hx9Xq91M2Mr2I38V9RZ8piDn1TULbOPHd.jpg\"}]', NULL, 0, 0, 1, '2018-12-18 23:33:42', '2018-12-18 23:33:42'),
(37, 'диван Сантана 4', 3, 190256, '[{\"color\":\"Темный\"},{\"color\":\"Синий\"}]', 'Уход и чистка ткани:\n\nДля удаления сильных загрязнений или если вы не уверены в том, как следует чистить Вашу обивку - мы рекомендуем обратиться в компанию, которая профессионально занимается чисткой мебельных тканей и изделий из них. \n Если Вы собираетесь стирать съемные чехлы на молнии, чтобы не испортить материал во время стирки, предварительно закройте каждую молнию.\nСухую чистку проводите щеткой с мягкой щетиной, так как жесткая может повредить поверхность материала.\n Для того, чтобы мебельная ткань не выцветала и выгорала раньше времени, её желательно не ставить под прямыми солнечными лучами.\nЕсли мебельная ткань электризуется, обрабатывайте её поверхность антистатическими средствами, регулярно увлажняйте помещение.', 1345, 920, 2600, 'элементы сиденья и спального места выполнены из высокоэластичного пенополиуретана с «пружинным блоком», подушки спинки пух комфорель.', 'диван-кровать и пуфы.', NULL, '[{\"image\":\"/img/uploads/product/R3EqrHGWMt3k9aOhpLGXgdhFVTHdx8ufklij0F07sJJFJ.jpg\"},{\"image\":\"/img/uploads/product/0YSZg0OpPVLQnoi8kaR1RYtoCxNxzRWgyoBunIlte9XIO.jpg\"},{\"image\":\"/img/uploads/product/onROl4UyOuinlXMgoyxEKNp9jpiR7djWp9nKdGTiFMZ36.jpg\"},{\"image\":\"/img/uploads/product/l9ySJoh578dHrq3q29OzpuVGU9cuouqgm7ZN9cWC8XnSW.jpg\"},{\"image\":\"/img/uploads/product/Xfvjp0KSmtKSmTjMNWxZM47nXRTE4Lm3zUnaaiT0Y2BP8.jpg\"}]', NULL, 0, 0, 1, '2018-12-18 23:36:00', '2018-12-18 23:36:00'),
(38, 'диван \"Бакстер\"', 3, 73610, '[{\"color\":\"Серый\"}]', 'Диван \"Бакстер\" отлично подойдет для вашей спальни или детской.', 1900, 820, 970, NULL, NULL, NULL, '[{\"image\":\"/img/uploads/product/VQr7wYNyGvubDP9NTpBUJG1UxeWXlO8KbaffWLshzE0OX.png\"},{\"image\":\"/img/uploads/product/Q83BXCEikZ7g6MNno8qMHLhHiL4BQilCUEhGWgUnVRqEB.png\"},{\"image\":\"/img/uploads/product/gTRaKcjeljNnfn5dygsUQEegDJYHYoSFL5rR2wp6EKkjK.png\"},{\"image\":\"/img/uploads/product/AHEK83Q3W59qZ9M5h4r5S6AvlUqIGQiZnyF8L237gSLtl.png\"}]', NULL, 0, 0, 1, '2018-12-18 23:37:46', '2018-12-18 23:37:46'),
(39, 'диван угловой \"Куба\"', 3, 215110, '[{\"color\":\"Серый\"},{\"color\":\"Белый\"},{\"color\":\"Красный\"}]', 'Особенностью углового дивана \"Куба\"является сиденье, которое состоит из ламелей гнутоклеенных из березового шпона. Под основным сиденьем и под сиденьем оттоманки углового дивана \"Куба\", имеется короб с ламинированным покрытием, что позволяет хранить в нем вещи, короб не боится влажной уборки и имеются специальные отверстия, чтобы и белье, и наполнитель дивана могли вентилироваться. В боковинах углового дивана \"Куба\" расположены вместительные ниши для хранения вещей, закрытые накладками МДФ. Механизм подъема снабжен газ-лифтами, что делает открывание плавным.Механизм трансформации «Тик-так». Производитель: ООО «КомКор», Московская область. Материал: сталь с полимерным покрытием.\n\n«Тик-Так» - механизм трансформации дивана являющийся развитием «Еврокнижки». Не портит пол передними ножками в момент раскладки.\n\nПри раскладке диван не нужно двигать от стены (принцип нулевой стены).\n\nМаксимальная нагрузка на механизм тик-так составляет 240 кг.\n\nМеханизм трансформации дивана Тик-Так предназначен для повседневного использования - прост, надежен, легок в использовании.', 2670, 900, 1760, 'олиэстер 100%  Ткани устойчивы как к сухой чистке, так и к профессиональной химчистке. Не вызывают аллергии.  Устойчивость к истиранию по тесту Мартиндейла (минимальное значение 6 000 циклов) - 15 000 циклов', NULL, 'Каркас состоит из древесного бруса (сосна высшего качества) 60х30мм, усиленного по периметру фанерой 10 мм и ППУ 10 мм.', '[{\"image\":\"/img/uploads/product/kAL6IFzUeuDwZNvmDfIZlaXz9zOrq8NAaDQKeyFzsp0KH.png\"},{\"image\":\"/img/uploads/product/ZDpdq5egKMGrZXo3swWl5UEOhHxJO7USlhRppg6d49v0y.png\"},{\"image\":\"/img/uploads/product/8lL0Jbqk2lH3PpJss9K34CRirw6WKEmJ4OA4OIr2KIMh4.png\"}]', NULL, 0, 0, 1, '2018-12-18 23:40:19', '2018-12-18 23:40:19'),
(40, 'Шкаф \"Аванти\" 3-х створчатый', 4, 138500, '[{\"color\":\"Венге\"},{\"color\":\"Слива\"}]', 'Шкаф трехстворчатый функционально делится на большой и вместительный плательный отдел и полочный, для хранения вещей. Зеркало шкафа для спальни на средней створке, визуально разряжает пространство, обработка зеркал фацетом придаст благородный вид вашей спальни.\n\nСпальный гарнитур «Аванти»  в переводе с итальянского - «Вперед!» - яркое достижение. В дизайне спального гарнитура «минимализм» - характеризуется лаконичностью (отсутствие узоров, рисунков), простотой геометрических форм -  в основе игра цвета и прямых линий.', 1390, 2200, 582, 'Ламинированное ДСП, завод Флайдерер, г. Великий Новгород, Россия; Кромка ПВХ 16 мм. (толщиной от 0,4 до 2мм.)', NULL, NULL, '[{\"image\":\"/img/uploads/product/pILP5DCGqsKrHNFCsj9NTBT1hgiGWvqAvbcumdkZNUNxl.png\"},{\"image\":\"/img/uploads/product/Q8r7eHIe4Q5Sv2fenvVDMVsib4o5zfZ7MZdO3ie18eI6q.png\"},{\"image\":\"/img/uploads/product/V3nbxifk3bpqT5IEQu7Rl7oAOpqaSIdcs9ZRF0yVlasS6.png\"}]', 'Рафикс, шкант + стяжка эксцентриковая', 0, 0, 1, '2018-12-18 23:42:58', '2018-12-18 23:42:58'),
(41, 'шкаф \"Рондо\" 3-х створчатый', 4, 102600, '[{\"color\":\"Венге\"}]', 'Нет отзывов об этом товаре.', 1200, 2200, 609, NULL, NULL, NULL, '[{\"image\":\"/img/uploads/product/1LMc6yeLx1joqziay3oeiEbpRjFYyqoPM5ojwljqapQ3I.png\"},{\"image\":\"/img/uploads/product/p85BNLuW99gnPOMk7HeZKvqjPQu87zcWiVZpHAUv8y7ol.png\"},{\"image\":\"/img/uploads/product/GVzPqcx04kWxi2OAnEMi1Vb3MCCl3cGvjSUQIl6r5Un8X.jpg\"},{\"image\":\"/img/uploads/product/wXEAza0YRUhqYeuwfKBvjIp1OUejYEzAzvKJd2NaN6G2H.png\"}]', NULL, 0, 0, 1, '2018-12-18 23:45:10', '2018-12-18 23:45:10'),
(42, 'кровать \"Шон\"', 5, 65100, '[{\"color\":\"Бук Брюссель\"},{\"color\":\"Бук Вена\"}]', 'Кровать  для спальни \"Шон\" (с немец. schön) имеет надежное ортопедическое основание на металлическом каркасе, а также кожаное изголовье. Благодаря своему дизайну, кровать создает ощущение \"парящей в воздухе\". Идеально сочетается с тумбами \"Шон\".Ортопедическое основание кровати состоит из каркаса металлического, 5-ти стальных ножек, латодержателя (поливинил), ламелей деревянных гнутоклееных (березовый шпон) правильной формы. дугообразная форма ламелей придает пружинящие свойства, позволяющие им правильно распределять нагрузку тела  по зонам жесткости. Помимо этого ортопед улучшает вентиляцию матраса, увеличивая тем самым его срок службы. Ножки кровати (4-е по периметру (Н-4), и одна регулируемая по центру) крепятся к ортопеду. Ортопед не крепится к царгам кровати, а имеет независимую устойчивость и стоит на полу.', 1632, 850, 2048, 'Ламинированное ДСП; Кромка ПВХ 16 мм. (толщиной от 0,4 до 2мм.)', NULL, 'Рафикс, шкант + стяжка эксцентриковая', '[{\"image\":\"/img/uploads/product/wrV3S9pde7PWF4Es0BK49xsk5Jtd5vL5k0paoi0bJP91x.jpg\"},{\"image\":\"/img/uploads/product/hMPFZjFh1zfRsjUuxDfHkQeM9gsiMFE6UFTlGPdTyJbWj.jpg\"}]', NULL, 0, 0, 1, '2018-12-18 23:49:49', '2018-12-18 23:49:49'),
(43, 'кровать \"Бренд\"', 5, 205100, '[{\"color\":\"Белый\"},{\"color\":\"Авола\"},{\"color\":\"Кокобола\"}]', 'Кровать  для спальни \"Бренд\" имеет надежное ортопедическое основание на металлическом каркасе, а также высокое изголовье с кожаными вставками. Кровать идеально сочетается с тумбами имеющими декоративную подсветку.', 2852, 960, 2040, 'Ламинированное ДСП 25мм; Кромка ПВХ 16 мм. (толщиной от 0,4 до 2мм.)', NULL, NULL, '[{\"image\":\"/img/uploads/product/pDd50RvrboF3rX89URKMoI6rotsMeDM4GxXnMxecEbZwU.jpg\"},{\"image\":\"/img/uploads/product/RbkSSwG6j1M5ENj88L68yaE9QAQOJAsvMdO68LzVHzCmS.jpg\"},{\"image\":\"/img/uploads/product/p7XABECLTJan8KJr4ZzKXnns6bYrsnsSGMngpMAijfzBT.jpg\"},{\"image\":\"/img/uploads/product/6j0cGzkHesYccbC8JIQoLIzCCmuZwspBzLckYEKHA2jka.jpg\"},{\"image\":\"/img/uploads/product/1OooKwLPD5r4IgiD09mGvjzBAUz4NW2WzIHhCwuTA9k2X.jpg\"}]', 'Рафикс металлический, шкант + стяжка эксцентриковая', 0, 0, 1, '2018-12-18 23:52:14', '2018-12-18 23:52:14'),
(44, 'кровать Версаль', 5, 165100, '[{\"color\":\"Синий\"},{\"color\":\"Белый\"},{\"color\":\"Красный\"}]', 'Общие габариты кровати: (Высота, Ширина ,Глубина ) 930 мм, (спальное место)+ 200 мм, 2315 мм', 1503, 930, 2315, NULL, NULL, NULL, '[{\"image\":\"/img/uploads/product/fIL4mRkqMkb2Ppi2LUEBeWTtmgHyf4WAuGfz7EOPd3oyu.jpg\"},{\"image\":\"/img/uploads/product/JgHcKigOsueDMLTlXSyZmthK8YDGOrBw6ySdZ5ZBosG0E.jpg\"},{\"image\":\"/img/uploads/product/qyeLdrO1IMR5wIZ9iDos3k0AoehK4f3hBWjAPWecK9kIm.jpg\"},{\"image\":\"/img/uploads/product/WrDC6OdTO6ZHx1SQJjqEs6bnEoNlHK25OlC1dYVfNK8Rs.jpg\"},{\"image\":\"/img/uploads/product/7Ty2kBKrpD2R8bZ8yhAyhYGeEKrDGULwgfCdhG2NvKTlM.jpg\"}]', NULL, 0, 0, 1, '2018-12-18 23:54:13', '2018-12-18 23:54:13'),
(45, 'кровать Палермо', 5, 134900, '[{\"color\":\"Коричневая\"}]', 'Размер спального места: 1600 х 2000\n\nОбщие габариты кровати: (Высота, Ширина ,Глубина ) 1060 мм, 1900 мм, 2100 мм', 2100, 1060, 1900, NULL, NULL, NULL, '[{\"image\":\"/img/uploads/product/SpkaS9hR28AV2d5bIHO41zY39uk2VvtvRFe7K9YSQW7Oa.jpg\"},{\"image\":\"/img/uploads/product/Z800KJ6JIoxze3FUUo34I2TO4OPA3SIrunuIwhZe2YZUV.jpg\"},{\"image\":\"/img/uploads/product/HEM7Fl6hCeGimuNncmnEJujZjuv1o3RndPsz98i4Fzrpd.jpg\"},{\"image\":\"/img/uploads/product/S7rYDRpdMvQCbAUfO2f4k2dhGRpVmpV6yJTIxbNPM2nT4.jpg\"}]', NULL, 0, 0, 1, '2018-12-18 23:56:00', '2018-12-18 23:56:00'),
(46, 'Палермо (серая)', 5, 134900, '[{\"color\":\"Серый\"},{\"color\":\"Белый\"}]', 'Размер спального места: 1600 х 2000\n\nОбщие габариты кровати: (Высота, Ширина ,Глубина ) 1060 мм, 1900 мм, 2100 мм', 2100, 1600, 1060, NULL, NULL, NULL, '[{\"image\":\"/img/uploads/product/3rNQWhxjWKgVAyjcC5YlticWmnhQtENb2yP6V9bXA2nqA.jpg\"},{\"image\":\"/img/uploads/product/pLBErLcVFt9gFeH98894GV4uaIq9qvblpE2i9V3uSBhoR.jpg\"},{\"image\":\"/img/uploads/product/NLRGvg5zpSxSxSpyBlfeI6Rs6tnddi71b9G2AiiI8wgtI.jpg\"},{\"image\":\"/img/uploads/product/TfUJJhzek0G0D9Rbv3y46CzVuCdbYgjg0HyNxK9JgeDS5.jpg\"}]', NULL, 0, 0, 1, '2018-12-18 23:57:56', '2018-12-18 23:57:56'),
(47, 'Глория', 5, 104300, '[{\"color\":\"Черная кожа\"}]', 'Глория', 2150, 1750, 930, NULL, NULL, NULL, '[{\"image\":\"/img/uploads/product/MrTdMNMqSDiKtdKTeNMdwEB03gSJvv7M4zD921idIScML.jpg\"},{\"image\":\"/img/uploads/product/wKjnJKgWgw5GJoHQh2J3x3r7hQtPP9yAeAckl3RzEMHz1.jpg\"},{\"image\":\"/img/uploads/product/jkt3gVujVDWKLLcV1qv6nGWD0rUJHyrny1oBLZ7FzgAgm.jpg\"},{\"image\":\"/img/uploads/product/xoqEsJMFSpfYEKl15uEHLlOqeNXI7vfagQxlAHTstgZGT.jpg\"}]', NULL, 0, 0, 1, '2018-12-18 23:59:36', '2018-12-18 23:59:36');
INSERT INTO `products` (`id`, `name`, `catalog_id`, `price`, `colors`, `description`, `width`, `height`, `length`, `material`, `complect`, `karkas`, `images`, `compound`, `recommendation`, `hidden`, `available`, `created_at`, `updated_at`) VALUES
(48, 'Глория (белая кожа) с подъемным механизмом', 5, 150300, '[{\"color\":\"белый\"},{\"color\":\"серый\"}]', 'Глория', 1750, 930, 2150, NULL, NULL, NULL, '[{\"image\":\"/img/uploads/product/WhRJ8VF33QL4ssx7ObuVttuVDVRLqBWRCborDVQ9MmLPe.jpg\"},{\"image\":\"/img/uploads/product/bcq6zTzYTzlBGxujd7ZUL7HeqNGm2OJdMpfqQXqehMw4M.jpg\"},{\"image\":\"/img/uploads/product/Wuxnk6nBG6eh2UDOq6YoZ6OAaRp2mtWJNfVru2pPWI2Sg.jpg\"},{\"image\":\"/img/uploads/product/4woG141HEYaHYM5hxzCnScmdwLvfIo9KnpNq8N9jiitSg.jpg\"},{\"image\":\"/img/uploads/product/pcTy6D1Qgfctp0a9qNFF4G4PexFs0kFaBeBFEXhtg3IZu.jpg\"}]', NULL, 0, 0, 1, '2018-12-19 00:01:26', '2018-12-19 00:01:26'),
(49, 'Парма (черная кожа)', 5, 104100, '[{\"color\":\"Черная\"},{\"color\":\"Темносиний\"}]', 'Спальное место 1,6 / размеры: (Высота, Ширина, Длина) \n\nСпальное место 1,2 / размеры: (Высота, Ширина, Длина)\n\nСпальное место 1,4 / размеры: (Высота, Ширина, Длина) \n\nСпальное место 1,8 / размеры: (Высота, Ширина, Длина)', 1970, 890, 1870, NULL, NULL, NULL, '[{\"image\":\"/img/uploads/product/RnWlPIuNqistEhfxU6QouSxu5zAbLKzRAJwf1j0v5RPBD.jpg\"},{\"image\":\"/img/uploads/product/4RHq1sLkLb5sWRmFbVLwzTUGFDzqYByuzA6YhHVMNyfLf.jpg\"},{\"image\":\"/img/uploads/product/fnNksrapyL3cG0D0wcDz3KY5tGyPkKcn3MRefm1599xHr.jpg\"},{\"image\":\"/img/uploads/product/YKDPU9UMa9UVp1iNDsnknBGpVtIEraeRbVHHjOJG5zn7Y.jpg\"}]', NULL, 0, 0, 1, '2018-12-19 00:03:05', '2018-12-19 00:03:05'),
(50, 'Стич ( лайм )', 5, 64700, '[{\"color\":\"Лайм\"}]', 'Стич', 832, 760, 1952, NULL, NULL, NULL, '[{\"image\":\"/img/uploads/product/InJz5D5efPDbv1DF4tGdjBwqVFbUJs9gwiuJUrTc4F33L.jpg\"},{\"image\":\"/img/uploads/product/Be3FG1xSvKEbk3gYyd6B6kNNnbrgpUfVHG2yQZ9J1Hq9j.jpg\"},{\"image\":\"/img/uploads/product/iTBeVgdODYixzTj8gysA9pyLaOX266dy1Alrx9LDVjmRC.jpg\"},{\"image\":\"/img/uploads/product/UsX3HEAHjTIkQfmaZLmJ3NG9cshHhivkRwkJ8UZlXxkCS.png\"}]', NULL, 0, 0, 1, '2018-12-19 00:05:19', '2018-12-19 00:05:19'),
(51, 'Шейк', 5, 126400, '[{\"color\":\"Коричневая\"},{\"color\":\"Бежевая\"}]', 'Спальное место 1,6 / размеры: ( Высота- 840, Ширина- 1750, Длина- 2400 )', 1750, 840, 2400, NULL, NULL, NULL, '[{\"image\":\"/img/uploads/product/7iwhXIMY1CetvWpNLZfM48MdEnSm70hJ8XzJkBP0vP0aX.jpg\"},{\"image\":\"/img/uploads/product/1Elx5k4NtKJKIFhUH7IbsQj89ZaxX8UrKYBpItzfrmWBY.jpg\"},{\"image\":\"/img/uploads/product/V5S0A7KUFYaiGqs1hIrZLSRLYZTFniPBkNp4brbv0mUkl.jpg\"},{\"image\":\"/img/uploads/product/QtqfTbNqU8pXsqk7JNeTlrJgDfA0C3pcaenm1KtidOOMh.jpg\"}]', NULL, 0, 0, 1, '2018-12-19 00:17:19', '2018-12-19 00:17:19'),
(52, 'кровать \"Женева\"', 5, 49200, '[{\"color\":\"Бодега светлый\"}]', 'Кровать для спального гарнитура \"Женева\" цвета бодега светлый, имеет тонкое изголовье со сменой фактуры, гармонично сочетающейся с общей композицией фасада шкафной группы. Ножки кровати для спального гарнитура \"Женева\" цвета бодега открыты, что придает им невесомую легкость.\n\nОртопедическое основание кровати состоит из каркаса из древесного бруса, ножки из ЛДСП, латодержателя (поливинил), ламелей деревянных гнуто клееных (березовый шпон) правильной формы, лента, стягивающая между собой ламели; Дугообразная форма ламелей придает пружинящие свойства, позволяющие им правильно распределять нагрузку тела по зонам жесткости. Помимо этого, ортопед улучшает вентиляцию матраса, увеличивая тем самым его срок службы. \n\n\nНожки кровати ЛДСП, в основании – подпятники. Центральная нога протянута от изголовья до изножья, функционально предназначена для увеличения жесткости кровати, и служит крепежом для древесного бруса, на котором держатся латодержатели и ламели.По цветовой гамме: «Бодега Темный» рекомендуется в светлые комнаты (солнечная сторона). «Бодега Светлый» в темные комнаты (не солнечная сторона)\n\nВысота шкафов (210см) требует высоту помещения не ниже 230см. Так как мебель собирается в положении лежа, при подъеме шкаф, не достигнув вертикального положения имеет критическую высоту 225см.\n\nНе допускается передвижение шкафов в сборном виде, так как это приведет к механическому повреждению ножек.\n\nГарантия 2 года, если сборка спального гарнитура производится сборщиками фабрики «Мебель Парк»\n\nВ случае переезда, разбор и сборку мебели рекомендуется доверить сборщикам фабрики «Мебель Парк» - сохраняется гарантия (услуга платная). При самостоятельном разборе, сборе мебели – гарантийные обязательства – не действительны', NULL, NULL, NULL, 'Использование спила ДСП вместо ручек на различных элементах изделия обеспечивает максимальное удобство в использовании;', NULL, NULL, '[{\"image\":\"/img/uploads/product/9niBxA0x3pPGtgX2maK3f4WnNwM0B90uIyO8VIfF5WXJ6.jpg\"},{\"image\":\"/img/uploads/product/F1YLVJ9bI2c0fkU5xSsOI4FQRq06VXCbMwak9KszzWBb0.png\"},{\"image\":\"/img/uploads/product/EniDv2YcLJmO5altSTFHA4SsLPfje2LowEhXAbyGlSAee.png\"}]', 'Кромка ПВХ обладает повышенной износостойкостью, долговечностью, прекрасно защищает торцы комода от сколов, проникновения влаги и других неприятных последствий в процессе эксплуатации;', 0, 0, 1, '2018-12-19 00:18:54', '2018-12-19 00:18:54'),
(53, 'кровать \"Хоши\"', 5, 58800, '[{\"color\":\"Светлый\"},{\"color\":\"Красный\"},{\"color\":\"Синий\"}]', 'Спальное место 1,6 / размеры: (Высота, Ширина, Длина) 1120х1634х2033\n\nСпальное место 1,2 / размеры: (Высота, Ширина, Длина) 1120х1234х2033\n\nСпальное место 1,4 / размеры: (Высота, Ширина, Длина) 1120х1434х2033\n\nСпальное место 1,8 / размеры: (Высота, Ширина, Длина) 1120х1834х2033\n\n\n\nДанную кровать вы можете приобрести с подъемным механизмом и нишами для белья.', 1654, 1115, 2033, NULL, NULL, NULL, '[{\"image\":\"/img/uploads/product/TbwDD5QCwOrAkC4PTjFDNNqB0rsMYp9Sxv2wiItUYPmPZ.png\"},{\"image\":\"/img/uploads/product/WKr7WlJO67l7VbimLfDKVNKkO7MDZLyjBtXUDUllD88Vl.png\"},{\"image\":\"/img/uploads/product/Wklrbr1BZgwfGet10PxJ3bnMDqWyxfzODaoBDNTnkhVXi.jpg\"}]', NULL, 0, 0, 1, '2018-12-19 00:20:34', '2018-12-19 00:20:34'),
(54, 'кровать \"Сити\"', 5, 68000, '[{\"color\":\"Дуб Сонама\"}]', 'Сити', NULL, NULL, NULL, NULL, NULL, NULL, '[{\"image\":\"/img/uploads/product/MHVfRX9EMcWYIAiztRjEhq16TiPv1TNuWjWd2xtsGypqZ.png\"},{\"image\":\"/img/uploads/product/GzQNVie70xzjTAtryF5ibt6zgzq9XH6LDlv2rQYxI8Zah.png\"},{\"image\":\"/img/uploads/product/OsOHHH96ommNzXtPYbC68BsYY5j4gTMDyQDkmsVAqpV1Y.png\"}]', NULL, 0, 0, 1, '2018-12-19 00:22:58', '2018-12-19 00:22:58'),
(55, 'Стич стол', 2, 24300, '[{\"color\":\"Белый\"},{\"color\":\"Синий\"},{\"color\":\"Красный\"}]', 'Нет описание', 1400, 750, 550, NULL, NULL, NULL, '[{\"image\":\"/img/uploads/product/C36na3FZ0q2DznWpYPpGijIW4yTDfeJN0bAHHvsGPxccy.jpg\"},{\"image\":\"/img/uploads/product/yjnY3ktXCGz8nTRgBSkgY9ZV9iJrZyoFJwhyRKnB0aJrX.jpg\"},{\"image\":\"/img/uploads/product/4Q024asP1hO2aoD0nbg01xxsQphVu82v1NcsqXQroAK1R.jpg\"},{\"image\":\"/img/uploads/product/dEOsYGX52r6bx63EPKC00kfOLx6eDcBTZIeEzOn1IDyjb.png\"}]', NULL, 0, 0, 1, '2018-12-19 11:19:13', '2018-12-19 11:19:13'),
(56, 'Стол раскладной ОСР 2,1 (дуб молочный)', 2, 24800, '[{\"color\":\"Дуб молочный\"}]', 'Стол-тумба с прямой столешницей раскладной. Очень удобен для домашних праздников и в хранении. Если к вам нагрянули гости, просто разложите этот стол и вам не составит труда уместить всех гостей за этим столом.', 1570, 750, 800, NULL, NULL, NULL, '[{\"image\":\"/img/uploads/product/3eYlvyB3cNHpHsk3LBdWVXEdkZHRvITtznYUJClNSEnst.jpg\"},{\"image\":\"/img/uploads/product/IeK8bYBEOdRBsHeND0edYESk8y5ZjU4WBO7j0e7A21eXE.jpg\"},{\"image\":\"/img/uploads/product/iAfww8L4YalTKmC9QXOWwekbqr6ZN8BVPWk6bkhwhJcJZ.jpg\"}]', NULL, 0, 0, 1, '2018-12-19 11:21:00', '2018-12-19 11:21:00'),
(57, 'Стол раскладной ОСР 2,2 (орех)', 2, 25300, '[{\"color\":\"Ореховый\"}]', 'Стол-тумба с полукруглой столешницей раскладной. Очень удобен для домашних праздников и в хранении. Если к вам нагрянули гости, просто разложите этот стол и вам не составит труда уместить всех гостей за этим столом.', 1570, 750, 800, NULL, NULL, NULL, '[{\"image\":\"/img/uploads/product/afJIDcPfDXpqVZtcLdk8iuCd7Q2WJPuF4nKdlR3AhJUjv.jpg\"},{\"image\":\"/img/uploads/product/rbxIIuUkQZ2uDHADQ1YMlYFM6A5Wg0PIDvo34qPcQuRl3.jpg\"},{\"image\":\"/img/uploads/product/igqmzKclKKXrORNZ4f0cK98E14PdQDdhpfUmLDyX4BOBj.jpg\"}]', NULL, 0, 0, 1, '2018-12-19 11:22:42', '2018-12-19 11:22:42'),
(58, 'Стол раскладной ОСР 3 (орех)', 2, 26600, '[{\"color\":\"Коричневый\"}]', 'Стол-тумба с прямой столешницей раскладной. Очень удобен для домашних праздников и в хранении. Если к вам нагрянули гости, просто разложите этот стол и вам не составит труда уместить всех гостей за этим столом.', 1800, 750, 800, NULL, NULL, NULL, '[{\"image\":\"/img/uploads/product/BH8X4MnIYIonD0i4HTUbSj028som7vpZTaKO8Lgk2cTYg.jpg\"},{\"image\":\"/img/uploads/product/1XzJAV4H7mYZxhkRNhwgk0FCYSGJjrTp4fte6WtMkxwKO.jpg\"},{\"image\":\"/img/uploads/product/rp02HeawHcbGA2MaqqUMO9jaABvxZXJxdLa4G7HYEsXS3.jpg\"}]', NULL, 0, 0, 1, '2018-12-19 11:24:25', '2018-12-19 11:24:25'),
(59, 'Стол СОЛО 1,2 х 0,8', 2, 65500, '[{\"color\":\"Коричневый\"},{\"color\":\"Венге\"},{\"color\":\"Черешня\"}]', 'Стол Соло 1200 мм х 800 мм. Высота: 770 мм\n\n\n\nРассчитан на 4 персоны', 1200, 770, 800, 'Стол кухонный выполненный из массива Бука – производимый в г. Краснодар. Бук – древесина твёрдой породы, используемая в производстве предметов интерьера и музыкальных инструментов. Мебель из его массива служит долго и при этом вызывает восхищение.', NULL, NULL, '[{\"image\":\"/img/uploads/product/GfXFPzBAhP9YzfKTj9IVUU3SA4pXh4Z1LFCqG2v9uLNfL.jpg\"},{\"image\":\"/img/uploads/product/81lViOtLjhV2yWnH8gvwBdp5V6p8O6mspLX8qOATAHptZ.jpg\"}]', 'Шканты и шиповое соединение, а также специальный мебельный клей.', 0, 0, 1, '2018-12-19 11:28:07', '2018-12-19 11:28:07'),
(60, 'Стол СОЛО раздвижной 1,2 х 1,55', 2, 124344, '[{\"color\":\"Белый\"},{\"color\":\"Слоновая кость\"},{\"color\":\"Венге\"},{\"color\":\"Черешня\"}]', 'Стол Соло 1200 мм х 850 мм. Высота: 710 мм\n\n\n\nРассчитан на 4-6 персон', 1200, 710, 850, 'Стол кухонный выполненный из массива Бука – производимый в г. Краснодар.  Бук – древесина твёрдой породы, используемая в производстве предметов интерьера и музыкальных инструментов. Мебель из его массива служит долго и при этом вызывает восхищение.', NULL, NULL, '[{\"image\":\"/img/uploads/product/PRvkBrDGFTZ2pmBNJUmJTOxyk1ugS5ws915dgmg0jCrvd.jpg\"},{\"image\":\"/img/uploads/product/5AZVSbkV2bsz6MEqVa1rSBwbdI9ItBTAlFuiwJ7zlf2Vi.jpg\"}]', 'Шканты и шиповое соединение, а также специальный мебельный клей.', 0, 0, 1, '2018-12-19 11:31:16', '2018-12-19 11:31:16'),
(61, 'Стол кухонный 1,4 х 0,9', 2, 71400, '[{\"color\":\"Венге\"},{\"color\":\"Черешня\"},{\"color\":\"Темный орех\"},{\"color\":\"Светлый орех\"}]', 'Стол кухонный Соло Плюс 1400 мм х 900 мм . Высота: 710 мм\n\n\nГармонично впишется в интерьер кухни или обеденной зоны.\n\n Рассчитан на 6 персон', 1400, 710, 900, 'Стол кухонный выполненный из массива Бука – производимый в г. Краснодар.   Бук – древесина твёрдой породы, используемая в производстве предметов интерьера и музыкальных инструментов. Мебель из его массива служит долго и при этом вызывает восхищение.', NULL, NULL, '[{\"image\":\"/img/uploads/product/bwjAIRIpsfURFVBGZEVVFCuAm6dMK3utvBTA4QixgiZWB.png\"},{\"image\":\"/img/uploads/product/a7ZrfsJQJTwCGfIQGBLIECLapPA0fyEvjfP8Eyu2rg6B1.jpg\"}]', 'Шканты и шиповое соединение, а также специальный мебельный клей.', 0, 0, 1, '2018-12-19 11:33:21', '2018-12-19 11:33:21'),
(62, 'Стол кухонный 1,3 х 0,8', 2, 69000, '[{\"color\":\"Венге\"},{\"color\":\"Темный орех\"},{\"color\":\"Светлый орех\"}]', 'Стол кухонный (СК) 1300х800 . Высота: 770 мм\n\n\n\nБлагодаря своим габаритам прекрасно подойдут для кухонных пространств или обеденных зон. Рассчитаны на 6 персон.', 1300, 770, 800, NULL, NULL, NULL, '[{\"image\":\"/img/uploads/product/n0L3Wl3POyZ4LsaedLiXdW4Gvp7RG6HxW5wt7CgsZDZqc.jpg\"},{\"image\":\"/img/uploads/product/msWNCyUoSDwj3l6RpuuTRo4ZApoGZHvGwH1gI2vTflqfr.jpg\"}]', NULL, 0, 0, 1, '2018-12-19 11:36:24', '2018-12-19 11:36:24'),
(63, 'Стол кухонный 900/900', 2, 56668, '[{\"color\":\"Венге\"},{\"color\":\"Слоновый кость\"}]', 'Размер 900х900. Высота: 760 мм\n\n\nКухонный квадратный стол лаконичных форм. Подойдет для небольших кухонных пространств.\n\nРассчитан на 4-х человек', 900, 660, 900, NULL, NULL, NULL, '[{\"image\":\"/img/uploads/product/O3pDhqumVHyTTlnyNf5Co0VkKULvwjxqoW6VPKvlPTmi3.jpg\"},{\"image\":\"/img/uploads/product/ECKxIu9sOwYBconA0GcvwX21mAdOFWqTUOn4cB9X6wrKb.jpg\"}]', 'Шканты и шиповое соединение, а также специальный мебельный клей.', 0, 0, 1, '2018-12-19 11:37:56', '2018-12-19 11:37:56'),
(64, 'Стол кухонный Соло плюс 1,4 х 0,8', 2, 59620, '[{\"color\":\"Венге\"},{\"color\":\"Черешня\"},{\"color\":\"Светлый орех\"},{\"color\":\"Темный орех\"}]', 'Стол кухонный Соло Плюс 1400х800. Высота: 770 мм\n\n\nГармонично впишется в интерьер кухни или обеденной зоны.\n\n Рассчитан на 6 персон', 1400, 770, 800, 'Стол кухонный выполненный из массива Бука – производимый в г. Краснодар.   Бук – древесина твёрдой породы, используемая в производстве предметов интерьера и музыкальных инструментов. Мебель из его массива служит долго и при этом вызывает восхищение.', NULL, NULL, '[{\"image\":\"/img/uploads/product/NUEcMnswiIymgBBoW8st8dZ3RclLNkd15kSa7GkjNOkrq.jpg\"},{\"image\":\"/img/uploads/product/YSWIvBq2DhYX1QMo1Z3VbpeMxIa0FPGZx494J1GAoZMMI.jpg\"}]', 'Шканты и шиповое соединение, а также специальный мебельный клей.', 0, 1, 0, '2018-12-19 11:39:36', '2018-12-19 11:39:36'),
(65, 'Стол кухонный Соло плюс 1,4 х 0,8', 2, 59620, '[{\"color\":\"Венге\"},{\"color\":\"Черешня\"},{\"color\":\"Темный орех\"},{\"color\":\"Светлый орех\"}]', 'Стол кухонный Соло Плюс 1400х800. Высота: 770 мм\n\n\nГармонично впишется в интерьер кухни или обеденной зоны.\n\n Рассчитан на 6 персон', 1400, 770, 800, NULL, NULL, NULL, '[{\"image\":\"/img/uploads/product/LQdp6c8btbZxoLEiYVbiDrCmpOxvAPVvkBXzYy44bWnR0.jpg\"},{\"image\":\"/img/uploads/product/qIy0Q0PiE5G1plFX1H8vpngqyKDSjCQIrkwTzzFcIofgi.jpg\"}]', 'Шканты и шиповое соединение, а также специальный мебельный клей.', 0, 0, 1, '2018-12-19 11:42:15', '2018-12-19 11:42:15'),
(66, 'Стул Соло', 1, 23000, '[{\"color\":\"Белая\"},{\"color\":\"Бежевыый\"}]', 'Сиденье мягкое,  спинка исполнена в виде решетки. Лаконичные чистые формы позволят вписать этот стул в любой стиль.\n\nРазмеры: высота 100 см, длина - 41 см, ширина - 40 см, высота посадочного места - 47 см.', 1000, 410, 400, NULL, NULL, NULL, '[{\"image\":\"/img/uploads/product/Bz5GRbgsjvgzFbNBITTyJNNvS8JdaiP5kvWWobENkJ8PK.jpg\"}]', NULL, 0, 0, 1, '2018-12-19 11:43:36', '2018-12-19 11:43:36'),
(67, 'Стул Уют-М', 1, 29500, '[{\"color\":\"Светлый Орех\"}]', 'Стул кухонный из массива бука с широким мягким сиденьем  «УЮТ-М».\n\nСиденье обито тканью (экокожей) на выбор. \n\nМодель стула \"Уют - М\"  полностью оправдывает свое название. Стул отличается легкими формами, спинка стула жесткая, выполнена под небольшим наклоном, что позволяет разместиться на нем максимально комфортно.\n\nСиденье стула мягкое.\n\nСпинка стула средней высоты.\n\nЗа счет своего лаконичного и неброского дизайна, \"Уют - М\" отлично подойдет для обеденных зон. Выполненный в разных цветовых решениях, стул \"Уют - М\" может гармонично вписаться в любое интерьерное решение.  \n\n \n\nРазмеры:  высота - 92 см, длина - 40 см, ширина - 42 см, высота посадочного места - 48 см.', 420, 920, 400, NULL, NULL, NULL, '[{\"image\":\"/img/uploads/product/YiNPTcEkT7QlWu4o0gXLAcbfSipYU3G0kC1dniOQWB7hw.jpg\"},{\"image\":\"/img/uploads/product/uaLbQfQRnPeHgi0NFAyNPtr7gKprf59WNi1iyduDNz9PS.jpg\"}]', NULL, 0, 0, 1, '2018-12-19 11:45:53', '2018-12-19 11:45:53'),
(68, 'Стул Фора Ж', 1, 20640, '[{\"color\":\"Темный орех\"},{\"color\":\"Венге\"}]', 'Стул кухонный из массива бука с удобной спинкой  «ФОРА- Ж».\n\nСпинка стула жесткая, имеют лаконичную, классическую форму, исполненную в форме решетки.\n\nСиденье стула мягкое.\n\nМодель студа достаточно высокая.\n\n\"Форма - М\" потрясающе комфортный стул, который гармонично впишется как в вместительную кухню, так и в столовую.', 420, 1000, 410, NULL, NULL, NULL, '[{\"image\":\"/img/uploads/product/9X4UhhCFEbwRPRpAOJrMLbguwcwuTy5fygHbpuBp6nfVu.jpg\"},{\"image\":\"/img/uploads/product/RzjCYegqrOJT849T5nWRO21SZRJf30AEuGsniKBTsO2Om.jpg\"}]', NULL, 0, 0, 1, '2018-12-19 11:47:25', '2018-12-19 11:47:25'),
(69, 'Стул Фора-М', 1, 35500, '[{\"color\":\"Белая эмаль\"},{\"color\":\"Темный орех\"},{\"color\":\"Темная черешня\"}]', 'Стул кухонный из массива бука с мягкой спинкой  «ФОРА-М».\n\nМодель стула достаточно высокая, формы стула лаконичные. Спинка и сиденье мягкие. \n\nСдержанный дизайн модели стула \"Фора - М\" гармонично впишется в столовую, гостиную или кабинет. \n\nОбивка может быть выполнена на выбор из ткани или экокожи.\n\nРазмеры: высота 104 см, длина - 43 см, ширина - 43 см, высота посадочного места - 50 см.', 430, 1040, 500, NULL, NULL, NULL, '[{\"image\":\"/img/uploads/product/kVHgBWjLBfjJNF7kt3YstpI2Lr81IWzH3oAwmSJN683Al.jpg\"},{\"image\":\"/img/uploads/product/VUD31eFq9R49oFs2YnsCyfAu34hWycaEFv2Pr27UfFgAi.jpg\"}]', NULL, 0, 0, 1, '2018-12-19 11:48:53', '2018-12-19 11:48:53'),
(70, 'Эльф', 1, 14784, '[]', 'Стул кухонный Эльф цвета венге. Сиденье мягкое,  спинка исполнена в виде решетки. Лаконичные чистые формы  позволят  вписать  этот стул в  любой стиль .\n\n Размеры:  высота - 90 см, длина - 40 см, ширина - 39 см, высота посадочного места - 47 см.', 420, 1040, 420, NULL, NULL, NULL, '[{\"image\":\"/img/uploads/product/3F7ylxmnqM35szZgQCg9dFyfYjQ3xVHWgHqm3NHWO01IG.jpg\"}]', NULL, 0, 0, 1, '2018-12-19 11:50:05', '2018-12-19 11:50:05'),
(71, 'Кухонный стул MIA', 1, 48811, '[{\"color\":\"Белая\"},{\"color\":\"Песочная\"}]', 'Продается комплектом по 4 шт. Цена указана за 1 шт.', 520, 950, 450, 'экокожа', NULL, 'металл', '[{\"image\":\"/img/uploads/product/dcbUtnf5vziYfk256lGmjOjAkwq3mdch1FGS8Czvn4Zos.jpg\"},{\"image\":\"/img/uploads/product/lu4u6N8bIytXpbRV2sqm8tJ0VKzWHhDA2C08hCCmvZndQ.jpg\"},{\"image\":\"/img/uploads/product/m7zZg5gt6T7NV8WhX25upMPVu65zoCrzfORE1KUSiO629.jpg\"},{\"image\":\"/img/uploads/product/XXI6nboDXDY4BbOg5D57cYQZ2A36ujY9eIAJCazFSDV3x.jpg\"},{\"image\":\"/img/uploads/product/sY2EPZCfxbei4Ep3g5O9lGwiWY8I1YU9qiQldagiWQ2kD.jpg\"}]', NULL, 0, 0, 1, '2018-12-19 11:53:24', '2018-12-19 11:53:24'),
(72, 'Стул CH-3013', 1, 28830, '[{\"color\":\"Бежевый\"},{\"color\":\"Красный\"},{\"color\":\"Черный\"},{\"color\":\"Белый\"}]', 'Высота общая:                       max - 84 см, min - 61 см\nВысота от пола до сиденья:    max - 79 см, min - 56 см\nШирина сиденья:                                                 38 см\nОбивка:                                                   экокожа PVC\nОграничение по весу:                                          100кг\nРегулировка высоты:                                               Да\nПоворотный механизм:                                            Да\nОснование (база):                                                хром\nПодножка:                                                               Да\nТип подножки:                                             полумесяц\nТип сидения:                                 поворотное на 360С\nСтрана:                                                               Китай', 380, 840, 450, NULL, NULL, NULL, '[{\"image\":\"/img/uploads/product/SSovTRlHXgAMspX1Uz8oa1Dg0U8xiUa18EN9cDBd12Og5.jpg\"},{\"image\":\"/img/uploads/product/WK2VC6tU6LBSXIVxcySxm3KBSEROSXdQIBtr1nymDRLXl.jpg\"},{\"image\":\"/img/uploads/product/nfTBWW0o7XnQOmS8NvpJX5oeO6LUVfByVrH64Qp1xHssQ.jpg\"}]', NULL, 0, 0, 1, '2018-12-19 11:55:18', '2018-12-19 11:55:18'),
(73, 'Барный крутящийся стул 9292', 1, 57670, '[{\"color\":\"Белый\"},{\"color\":\"Коричневый\"}]', 'Продается комплектом от 2-х штук (цена указана за 1 шт.)', 430, 1110, 430, 'Дерево', NULL, NULL, '[{\"image\":\"/img/uploads/product/hwsF9qdi9GNMTUGJmIbpev9DsAbsXL2reKby8iQ0t9w67.jpg\"},{\"image\":\"/img/uploads/product/sX4ESaPtY55hlpri2y2I4Rt981WlKlQCEqMsaRxyvHR59.jpg\"}]', NULL, 0, 0, 1, '2018-12-19 11:57:41', '2018-12-19 11:57:41'),
(74, 'Стул \"Лептир\"', 1, 4790, '[{\"color\":\"Черный\"},{\"color\":\"Белый\"},{\"color\":\"Красный\"},{\"color\":\"Бежевый\"}]', '*цена зависит от комплектации, предварительно уточняйте цену у менеджеров', 410, 940, 410, 'обивка - эко-кожа, каркас - металл', NULL, NULL, '[{\"image\":\"/img/uploads/product/Fe4EkGVcgBN0Z4QOpy99z9yV6e6nAQ1rxOAQ7m3UuEPme.jpg\"}]', NULL, 0, 0, 1, '2018-12-19 12:00:36', '2018-12-19 12:00:36'),
(75, 'Стул С39Б,', 1, 16990, '[]', 'Высокая спинка обеспечивает оптимальный комфорт.\nМассив дерева – износостойкий натуральный материал.\nПолезная информация\nДля обеспечения максимального качества при необходимости подтягивайте шурупы.\nМожно дополнить наклейками на мебельные ножки ФИКСА; защищают пол от царапин.\nДанный стул протестирован и одобрен для бытового использования и соответствует требованиям к безопасности, долговечности и устойчивости, установленным стандартами EN 12520 и EN 1022.\nИнструкция по уходу\nПротирать тканью, смоченной мягким моющим средством.\nВытирать чистой сухой тканью.', 430, 910, 520, 'Массив сосны, Морилка, Прозрачный акриловый лак', NULL, NULL, '[{\"image\":\"/img/uploads/product/IXk5p6g71kfzHFIOxhWzZF0mD1o0jy5PCzmTp1Nc9ByXO.jpg\"},{\"image\":\"/img/uploads/product/7Kxzt0V5PT02JIBSMpD7ELnfpW7irLsZN6pYvgKyJZv81.jpg\"},{\"image\":\"/img/uploads/product/rCOJ4tpS6n5BZK5Mxpb2govxEDcHXMfXJPnG36CJMIr3a.jpg\"}]', NULL, 0, 0, 1, '2018-12-19 12:05:07', '2018-12-19 12:05:07'),
(76, 'ИНДУСТРИЕЛЛ', 1, 6999, '[{\"color\":\"Светлый\"},{\"color\":\"Серо-зеленый\"}]', 'Кто сказал, что предметы массового производства должны выглядеть абсолютно одинаково? Эта прочная устойчивая мебель с выразительной фактурой и вариациями цвета дерева как будто сделана вручную.Форма сиденья и спинки обеспечит оптимальный комфорт.\nПластиковые накладки для защиты пола от царапин прилагаются.\nКомбинируйте стулья разных цветов со скамьями и столами серии ИНДУСТРИЕЛЛ, чтобы сделать столовую зону более стильной и комфортной.', 400, 820, 540, 'Массив сосны, Морилка, Прозрачный акриловый лак', NULL, NULL, '[{\"image\":\"/img/uploads/product/qAqh4ZkTdsmx4pnpJrINgA4VpTBOmfN0caou7pxRQ6u8x.jpg\"},{\"image\":\"/img/uploads/product/hCNwetneLNTQoYI2GpivlfxYUogRFvU1BzDqRlUvRHLTR.jpg\"},{\"image\":\"/img/uploads/product/JznFDDe9thkV076Ln6DH3NbyzlV69YSp9CqW5PtR36S6T.jpg\"}]', 'Сталь, Полиэтилен', 0, 0, 1, '2018-12-19 12:07:32', '2018-12-19 12:07:32'),
(77, 'ОДГЕР', 1, 5999, '[{\"color\":\"Синий\"},{\"color\":\"Темный\"}]', 'Удобно сидеть благодаря эргономичной форме сиденья и закругленной форме спинки.\nЭкологичное решение, так как композит для изготовления этого стула на 30 % состоит из древесины, являющейся возобновляемым ресурсом, и на 55 % – из переработанного пластика.\nДля сборки не потребуются инструменты.\nИдеальная мебель для семьи с маленькими детьми. Благодаря практичному материалу, гладкой поверхности и лаконичному дизайну стул легко поддерживать в чистоте, достаточно просто протереть его влажной тканью.', 450, 810, 510, 'Древесно-пластиковый композит', NULL, NULL, '[{\"image\":\"/img/uploads/product/H1gTahZcQUoQg5JQLcVkkVS415wIrabENdGXrslJ12G8K.jpg\"},{\"image\":\"/img/uploads/product/D6E8ZpyQUxtxPd2I4oEss0iZzk3xDi7CkZIvLNUKcgu50.jpg\"},{\"image\":\"/img/uploads/product/047l2OHhq0ihlkCoWHWzDEmeYxyDNEp5ZgqzoqRdtvGSV.jpg\"}]', NULL, 0, 0, 1, '2018-12-19 12:09:16', '2018-12-19 12:09:16'),
(78, 'ИДОЛЬФ', 1, 24500, '[{\"color\":\"Темный\"}]', 'Каркас стула изготовлен из массива дерева – прочного натурального материала.\nИдеальная мебель для семьи с маленькими детьми. Благодаря практичному материалу, гладкой поверхности и лаконичному дизайну стул легко поддерживать в чистоте, достаточно просто протереть его влажной тканью.', 420, 950, 520, 'Формованный многослойный клееный шпон, Буковый шпон, Морилка, Прозрачный акриловый лак', NULL, 'Массив бука, Морилка, Прозрачный акриловый лак', '[{\"image\":\"/img/uploads/product/ZQf0j5tttEKKYoQ3eE0VS5iEBEp2cQPtNQV8uRml89Dw4.jpg\"},{\"image\":\"/img/uploads/product/9dYxvWg7iYDzKeqkYjzwiI3Bpxb3j2a1VUlodqMtCJGX4.jpg\"},{\"image\":\"/img/uploads/product/NH0chVmolSEsMCZdkbShkVDCVSghcLgo9CihqniHiMfMh.jpg\"}]', NULL, 0, 0, 1, '2018-12-19 12:10:54', '2018-12-19 12:10:54'),
(79, 'АЛЬСТА', 1, 12000, '[{\"color\":\"Темный\"},{\"color\":\"Синий\"},{\"color\":\"Белый\"},{\"color\":\"Красный\"}]', 'Инструкция по уходу\nЧистить шампунем для мебели.', 410, 890, 500, 'Общая композиция/ Чехол для внутренней подушки: 100% хлопок Подстолье: Сталь, Сталь, Эпоксидное/полиэстерное порошковое покрытие', NULL, 'ДВП, Пенополиуретан 25 кг/куб.м, Полиэстерная вата Обивка спинки: 100% полипропилен', '[{\"image\":\"/img/uploads/product/wiMJGqYkk0cCNNsNJQTDhddPziOLP3vQ1P6euqreWnVhU.jpg\"}]', NULL, 0, 0, 1, '2018-12-19 12:13:08', '2018-12-19 12:13:08'),
(80, 'КАУСТБИ', 1, 13200, '[{\"color\":\"Темный\"},{\"color\":\"Красный\"},{\"color\":\"Коричнвый\"}]', 'Для обеспечения устойчивости через две недели после сборки еще раз затяните шурупы. В дальнейшем подтягивайте шурупы при необходимости.\nМожно дополнить наклейками на мебельные ножки ФИКСА; защищают пол от царапин.\nДанный стул протестирован и одобрен для бытового использования и соответствует требованиям к безопасности, долговечности и устойчивости, установленным стандартами EN 12520 и EN 1022.', 440, 890, 420, 'Массив сосны, Морилка, Прозрачный акриловый лак', NULL, NULL, '[{\"image\":\"/img/uploads/product/VcbGInNKzyIFiCABA7O5n5JTAgLbobu6rYCwZqwZTzcm4.jpg\"},{\"image\":\"/img/uploads/product/tG2w1srfp0juSmQkKA6FId0fsARybJlt7GfA7uWhH7Zyy.jpg\"},{\"image\":\"/img/uploads/product/1TYfXNMEswvdDWzgBt8yYQl74LlZ29yRGE51GF8lKFj3J.jpg\"}]', NULL, 0, 0, 1, '2018-12-19 12:15:07', '2018-12-19 12:15:07'),
(81, 'ХЕНРИКСДАЛЬ', 1, 26790, '[{\"color\":\"Финста\"},{\"color\":\"Красный\"},{\"color\":\"Молочный\"}]', 'Ножки стульев изготовлены из массива дерева – прочного натурального материала.\nСъемный чехол на каркас стула ХЕНРИКСДАЛЬ можно стирать.\nВысокая спинка и сиденье с наполнителем из полиэстерной ваты обеспечивают максимальный комфорт.', 460, 970, 570, 'Массив бука, Морилка, Прозрачный акриловый лак', NULL, NULL, '[{\"image\":\"/img/uploads/product/WMxAUGp8ZYzFXxvR5GaQK20yMzh4YYdfksXRpkalCCw26.jpg\"},{\"image\":\"/img/uploads/product/HSjEMQmY0ayAfsxY2XcEvS75Y67U85IjrgB1CrCTS7VrR.jpg\"},{\"image\":\"/img/uploads/product/x6cE866hNlZOT2LAkc9v1resozGdoCyrlocadjRywpKki.jpg\"}]', 'Высокоэластичный пенополиуретан (холодный) 35 кг/куб.м, Полиэстерная вата', 0, 0, 1, '2018-12-19 12:17:11', '2018-12-19 12:17:11'),
(82, 'ЛИННМОН / АДИЛЬС', 2, 8970, '[{\"color\":\"Белый\"},{\"color\":\"Черный\"}]', 'С подготовленными отверстиями под ножки, легко собирать. Регулируемые ножки обеспечат устойчивость даже на неровном полу.-С подготовленными отверстиями под ножки, легко собирать.\n-Регулируемые ножки обеспечат устойчивость даже на неровном полу.\n-Щит с сотовидным наполнителем – это прочный и легкий материал с каркасом из дерева, ДСП или ДВП и наполнителем из переработанной бумаги. За счет небольшого веса его можно перевозить большими объемами, что наносит меньше вреда природе.', 1200, 1000, 600, NULL, NULL, NULL, '[{\"image\":\"/img/uploads/product/iztWm7qi80eRyh9qst2iPAAFDQvHR0t1iwNp7pGaiaHed.jpg\"},{\"image\":\"/img/uploads/product/hdnGttidkSy6DzIyJMenR3SULWMa1DmTxvV9xOkH4vr1J.jpg\"}]', NULL, 0, 0, 1, '2018-12-19 12:22:47', '2018-12-19 12:22:47'),
(83, 'МИККЕ', 2, 25789, '[{\"color\":\"Коричневый\"},{\"color\":\"Темный\"}]', 'Благодаря специальному отверстию провода всегда под рукой, но не на виду.\nМодуль для хранения можно установить справа или слева в зависимости от ваших предпочтений или свободного места.\nВоздух свободно циркулирует вокруг компьютера или другого оборудования благодаря отверстию на задней панели.\nБлагодаря стопорам ящик не выпадает из каркаса.\nБлагодаря лицевой отделке задней панели модуль можно поставить в центр комнаты.\nРабочее место можно увеличить, комбинируя столы и тумбы. В серии МИККЕ все столы и тумбы одинаковой высоты.\nСъемные полки можно устанавливать на разной высоте в зависимости от потребностей', 1050, 750, 500, 'Столешница/ Боковая панель/ Ножка-подпорка/ Нижняя панель: ДСП, ДВП, Бумага, Акриловая краска, Пластмасса АБС Организатор кабеля/ Задняя часть обвязки/ Полка/ Фронтальная панель: ДСП, Пленка, Пластмасса АБС Боковая часть ящика/ Задняя стенка ящика: Пленка Дно ящика: ДВП, Акриловая краска Ножка: Сталь, Эпоксидное/полиэстерное порошковое покрытие', NULL, NULL, '[{\"image\":\"/img/uploads/product/WdAPG8BtNojC3iSiwqJS1ISPKPJF2eTjtVPYWIQXqXWsi.jpg\"},{\"image\":\"/img/uploads/product/PIUO2M0rheVFx5nnPR1vaDxgIzZlCfb6JLiMnUdu5yJvx.jpg\"},{\"image\":\"/img/uploads/product/Hoe1ys17T3dfM4aLhGUDXUFhhgiLsG2zIsVbR2p0V0JC3.jpg\"}]', NULL, 0, 0, 1, '2018-12-19 12:24:24', '2018-12-19 12:24:24'),
(84, 'ХЕМНЭС Консольный стол', 2, 35900, '[{\"color\":\"Белая\"}]', 'Массив дерева.\n8 отделений двух размеров; удобное хранение книг, журналов, аксессуаров и т.п.\nПолезная информация\nКомбинируется с другой мебелью из серии ХЕМНЭС.\nИнструкция по уходу\nПротирать влажной тканью.\nПротирать сухой тканью.\nРегулярно проверяйте все крепления и подтягивайте их при необходимости.', 1570, 740, 400, 'Описание и размеры товара Ножка: Массив сосны, Прозрачный акриловый лак, Морилка Столешница: Массив сосны, Прозрачный акриловый лак, Морилка, Прозрачный акриловый лак, Морилка Другие части: Массив сосны, Морилка, Прозрачный акриловый лак, Морилка, Прозрачный акриловый лак', NULL, NULL, '[{\"image\":\"/img/uploads/product/0UuPK2ihpvjsuAfGYLZg4mBEM5SxmPgpxMhhZ53VbLqBs.jpg\"},{\"image\":\"/img/uploads/product/YsFoToJQOqzL4kIzoiEkVPJ7818r9V0bnSA3KftMuO0xZ.jpg\"},{\"image\":\"/img/uploads/product/UOnge25AgzjpcDx0DiHVpSK8RlEkfIpWlnB8ZJAdP6Ork.jpg\"}]', NULL, 0, 0, 1, '2018-12-19 12:26:07', '2018-12-19 12:26:07'),
(85, 'ФРИХЕТЭН', 3, 145600, '[{\"color\":\"Коричневый\"}]', 'Удобный диван и козетка днем и комфортная двуспальная кровать ночью.\nВыдвижная секция обтянута такой же мягкой тканью, как и весь диван, что обеспечит комфорт во время сна.\nДиван прекрасно смотрится со всех сторон, поэтому его можно поставить в середине комнаты.\nКозетка с отделением для хранения. Крышка фиксируется в открытом положении, что позволяет легко и безопасно доставать нужные вещи.\nКозетку можно поставить справа или слева от дивана – комбинацию легко изменить.\nВ разложенном виде диван-кровать обеспечит достаточно места для всей семьи.\nИнструкция по уходу\nПодушка\nНе стирать.\nНе отбеливать.\nНе сушить в стиральной машине.\nНе гладить.\nНе подвергать химической чистке.\n\nКаркас\nЧистить пылесосом.\nПротирать влажной тканью.', 2300, 880, 890, '55% полиэстер, 34% модакрил, 11% хлопок', NULL, 'Массив дерева, ДСП, Фанера, Пенополиуретан 30 кг/куб.м,', '[{\"image\":\"/img/uploads/product/zrUnWNfJFKxJoJYUzzNAw9de3R6MywfqdzkgnPcURLsqG.jpg\"},{\"image\":\"/img/uploads/product/OntuWwseKRHhcJAXlGVgbdcyRq3hk8nH8jOnYVju92tbW.jpg\"},{\"image\":\"/img/uploads/product/HuNI4JZZGQXdeObkSP6E5wPCv3BVatbH9FVIe3QvbfAbo.jpg\"}]', 'Сталь, Гальванизация', 0, 0, 1, '2018-12-19 13:08:41', '2018-12-19 13:08:41'),
(86, 'Клубу', 3, 59900, '[{\"color\":\"Белый\"}]', 'Этот компактный диван – идеальное решение для небольших помещений.\nПростой уход – достаточно протереть губкой, смоченной водой или мягким моющим средством.\nИнструкция по уходу\nИскусственная кожа\nЧистить пылесосом.\nНесложные пятна можно удалить губкой, смоченной водой или слабым мыльным раствором.\nОберегайте от воздействия прямых солнечных лучей.', 1440, 700, 790, '75% полиэстер, 25% хлопок, 100% полиуретан', NULL, 'ДСП, Сталь, ДВП', '[{\"image\":\"/img/uploads/product/tVny1vQD4OQqccJVbvLCJcJzXvJ8zLG7oxfp4b978cuj9.jpg\"},{\"image\":\"/img/uploads/product/OjLN4GcuzM6XEzIHJ3I2ty5SAlKB3YhwjhEZ1xqYpzqOU.jpg\"},{\"image\":\"/img/uploads/product/7ge8dKU5ikYRPAlXc5Ipc0djhbJhranB0zttXue3K1y06.jpg\"}]', 'Пенополиуретан 30кг/куб.м, Пенополиуретан 25кг/куб.м, Полиэстерная вата', 0, 0, 1, '2018-12-19 13:10:40', '2018-12-19 13:10:40'),
(87, 'Ликселе Левос', 3, 69000, '[{\"color\":\"Синий\"},{\"color\":\"Темно-синий\"}]', 'Упругий двухслойный пенополиуретановый матрас средней жесткости. Верхний слой из латекса обеспечивает комфортный температурный режим. Матрас подходит для длительного ежедневного использования.\nДиван легко раскладывается в комфортную двуспальную кровать, для этого нужно снять чехол и выдвинуть сиденье вперед.\nЛатекс повторяет контуры тела и позволяет полноценно отдыхать во время сна.\nИзносостойкий чехол из полиэстера с выразительной фактурой.\nЛатекс обеспечивает циркуляцию воздуха и естественное испарение влаги.\nЛегко превращается в двуспальную кровать.\nСъемный чехол легко содержать в чистоте, так как его можно стирать в машине.\nЧехол матраса легко поддерживать в чистоте, так как его можно снять и постирать в машине.\nДополнительные сменные чехлы позволяют легко обновить диван и изменить интерьер.', 1420, 870, 1000, 'Материал, из которого изготовлено данное изделие, подвергается переработке. Ознакомьтесь с правилами переработки отходов в Вашей стране и узнайте, существуют ли перерабатывающие предприятия в', NULL, 'Сталь, Сталь, Эпоксидное/полиэстерное порошковое покрытие', '[{\"image\":\"/img/uploads/product/Spx9RvBIdkWaNvpz2HGmZGUcZD7DilHVHnlVSSRzfKvWv.jpg\"},{\"image\":\"/img/uploads/product/teUd9hUQ20QlbAHOuUu5aobTWn3krSmORrrruiBMCZX9g.jpg\"},{\"image\":\"/img/uploads/product/rnD2dsjklAMvr6mLFrS5GrvgzG60nrYEgOHN6lB6lM7AE.jpg\"}]', NULL, 0, 0, 1, '2018-12-19 13:12:48', '2018-12-19 13:12:48'),
(88, 'Виласунд', 3, 225900, '[{\"color\":\"Коричневый\"},{\"color\":\"Белый\"}]', 'Жесткий матрас обеспечивает хорошую поддержку, можно использовать каждый день.\nПрочный и мягкий на ощупь чехол из хлопка и полиэстера.\nПружины карманного типа равномерно распределяют нагрузку и позволяют позвоночнику сохранять правильное положение во время сна.\nЛегко превращается в кровать.\nСъемный чехол легко содержать в чистоте, так как его можно стирать в машине.\nОтделение под сиденьем для хранения постельного белья и т.п.', 2020, 710, 880, '73% хлопок, 27% полиэстер', NULL, NULL, '[{\"image\":\"/img/uploads/product/HylELP2IFN5Hc8lsDoqg4yuVYtrfVz4Mip7u1CDtHkysx.jpg\"},{\"image\":\"/img/uploads/product/LFfxRAYJAMQJFhWpWzjJWQjc36PB7hB13VECOCZgVPzqa.jpg\"},{\"image\":\"/img/uploads/product/XxViQEaXFjMv9LiXyWH1ccSkgLAkdLmPWZ8mXjml645Fv.jpg\"},{\"image\":\"/img/uploads/product/2m9hM0yCMe8a7cltJNoZo5TvzruV2z65aXkHQePa7fegY.jpg\"},{\"image\":\"/img/uploads/product/yByuyeAK6REsBo7rUrFq8jgHD5YV4clodJjApazP8PVY0.jpg\"}]', 'Сталь, Эпоксидное/полиэстерное порошковое покрытие', 0, 0, 1, '2018-12-19 13:15:15', '2018-12-19 13:15:15'),
(89, 'Ландскруна', 3, 250090, '[{\"color\":\"Темно-коричневый\"}]', 'Легко раскладывается, превращаясь в комфортную двуспальную кровать\nБольшое практичное отделение для хранения под сиденьем.\nВерхний слой наполнителя подушек сиденья из пенополиуретана с эффектом \"памяти\"; повторяет контуры тела и восстанавливает первоначальную форму, когда вы встаете.', 2250, 810, 920, '75% полиэстер, 25% хлопок, 100% полиуретанФанера, Массив сосны, Нетканый', NULL, NULL, '[{\"image\":\"/img/uploads/product/i7yHnxwQsyVAgtDeMdCVtfW3t9GmKp48PktwYyOn8qLgw.jpg\"},{\"image\":\"/img/uploads/product/DQVKkJkX2WzSfynJBE2i6Bo6RLbtpB5HtUFVywRl2q7eq.jpg\"},{\"image\":\"/img/uploads/product/KUMgIjNs0MNlFFxdfXTDYtjxjgk3XfPbelIlDW6tp6kuC.jpg\"},{\"image\":\"/img/uploads/product/NhnE4R3MVax4njdvyPT8V5JpkShnLP5mBm04GW0SLEdKq.jpg\"}]', 'Сталь, Эпоксидное порошковое покрытие', 0, 0, 1, '2018-12-19 13:17:50', '2018-12-19 13:17:50'),
(90, 'Вимле', 3, 350000, '[{\"color\":\"Белый\"}]', 'Этот мягкий диван прослужит вам долго; наполнитель его подушек сиденья сделан из высокоэластичного пенополиуретана, который обеспечивает оптимальную опору для тела и быстро восстанавливает свою первоначальную форму, как только вы встаете с дивана.\nКозетка с отделением для хранения под сиденьем. Крышка автоматически фиксируется в отрытом положении, чтобы вы могли легко достать или убрать нужные вещи.\nКозетку можно поставить справа или слева от дивана – комбинацию легко изменить.\nСъемный чехол можно стирать в машине.\nБесплатно 10 лет гарантии. Подробнее об условиях гарантии – в гарантийной брошюре.', 3220, 980, 1660, 'Массив дерева, Фанера, ДВП, Пенополиуретан 30 кг/куб.м,', NULL, NULL, '[{\"image\":\"/img/uploads/product/mq56ffpYntfzPsV7E6ogumnC4WdErRDSmX2Hj6CMqHuGT.jpg\"},{\"image\":\"/img/uploads/product/l4JVOKO04yzcdgwOUsxukGvPQeEznV7Uf40HNH1cnx1kk.jpg\"},{\"image\":\"/img/uploads/product/CnZbUc0UJ8BqOjjnOhfwEeOEoKS5HCfnIxKpfBMnPGsn8.jpg\"}]', 'Сталь', 0, 0, 1, '2018-12-19 13:20:14', '2018-12-19 13:20:14'),
(91, 'Мардаль', 3, 254600, '[{\"color\":\"Белый\"},{\"color\":\"Молочный\"}]', '-Простой уход – достаточно протереть влажной тканью.\n-Высокая спинка обеспечивает хорошую опору для шеи.', 2050, 890, 920, NULL, NULL, NULL, '[{\"image\":\"/img/uploads/product/vr70oR6BsTkhaZwa3TSj1cAJtPISUno7EF3LKsZOa8Mxs.jpg\"}]', NULL, 0, 0, 1, '2018-12-19 13:21:34', '2018-12-19 13:21:34'),
(92, 'Стокгольм', 3, 450000, '[{\"color\":\"Темно-серый\"}]', 'Бархат – мягкая износостойкая ткань, которую легко поддерживать в чистоте. Рекомендуется чистить пылесосом, используя насадку с мягкой щеткой.\nБлагодаря наполнителю из высокоэластичного пенополиуретана и полиэстерного волокна подушки спинки и сиденья обеспечивают оптимальную поддержку и легко восстанавливают первоначальную форму.\nДвусторонние подушки спинки можно переворачивать, что увеличивает срок службы и обеспечивает равномерный износ.\nСпециальные накладки защищают поверхность от царапин.\nБесплатно 25 лет гарантии. Подробнее об условиях гарантии – в гарантийной брошюре.', 2280, 720, 1120, NULL, NULL, 'ДСП, ДВП, Фанера, Массив дерева, Пенополиуретан 25 кг/куб.м, Пенополиуретан 30 кг/куб.м, Высокоэластичный пенополиуретан (холодный) 127 кг/куб.м, Вата из полого полиэстерного волокна, Нетканый полипропилен', '[{\"image\":\"/img/uploads/product/kHeKeHQDucwWOGlMNhWX7W7oR4WUky8ugOWOQAxrYlNXk.jpg\"},{\"image\":\"/img/uploads/product/ufjLoynf90MD6w7rrYSoWGVmvSwbKcqlIKXXWJuAGFlMK.jpg\"},{\"image\":\"/img/uploads/product/zJ3J9HzH1FOJBclM9jp0ILZL0ClicurSMJruyAETz1Rti.jpg\"}]', 'Сталь', 0, 0, 1, '2018-12-19 13:23:22', '2018-12-19 13:23:22');

-- --------------------------------------------------------

--
-- Структура таблицы `product_orders`
--

CREATE TABLE `product_orders` (
  `id` int(10) UNSIGNED NOT NULL,
  `product_id` int(11) NOT NULL,
  `product_count` int(11) NOT NULL,
  `product_color` varchar(191) COLLATE utf8mb4_unicode_ci NOT NULL,
  `user_id` int(11) NOT NULL,
  `user_name` varchar(191) COLLATE utf8mb4_unicode_ci NOT NULL,
  `user_surname` varchar(191) COLLATE utf8mb4_unicode_ci NOT NULL,
  `user_email` varchar(191) COLLATE utf8mb4_unicode_ci NOT NULL,
  `user_adress` text COLLATE utf8mb4_unicode_ci NOT NULL,
  `created_at` timestamp NULL DEFAULT NULL,
  `updated_at` timestamp NULL DEFAULT NULL
) ENGINE=InnoDB DEFAULT CHARSET=utf8mb4 COLLATE=utf8mb4_unicode_ci;

-- --------------------------------------------------------

--
-- Структура таблицы `users`
--

CREATE TABLE `users` (
  `id` int(10) UNSIGNED NOT NULL,
  `name` varchar(191) COLLATE utf8mb4_unicode_ci NOT NULL,
  `email` varchar(191) COLLATE utf8mb4_unicode_ci NOT NULL,
  `email_verified_at` timestamp NULL DEFAULT NULL,
  `password` varchar(191) COLLATE utf8mb4_unicode_ci NOT NULL,
  `remember_token` varchar(100) COLLATE utf8mb4_unicode_ci DEFAULT NULL,
  `created_at` timestamp NULL DEFAULT NULL,
  `updated_at` timestamp NULL DEFAULT NULL
) ENGINE=InnoDB DEFAULT CHARSET=utf8mb4 COLLATE=utf8mb4_unicode_ci;

--
-- Индексы сохранённых таблиц
--

--
-- Индексы таблицы `catalogs`
--
ALTER TABLE `catalogs`
  ADD PRIMARY KEY (`id`);

--
-- Индексы таблицы `information`
--
ALTER TABLE `information`
  ADD PRIMARY KEY (`id`);

--
-- Индексы таблицы `migrations`
--
ALTER TABLE `migrations`
  ADD PRIMARY KEY (`id`);

--
-- Индексы таблицы `password_resets`
--
ALTER TABLE `password_resets`
  ADD KEY `password_resets_email_index` (`email`);

--
-- Индексы таблицы `products`
--
ALTER TABLE `products`
  ADD PRIMARY KEY (`id`);

--
-- Индексы таблицы `product_orders`
--
ALTER TABLE `product_orders`
  ADD PRIMARY KEY (`id`);

--
-- Индексы таблицы `users`
--
ALTER TABLE `users`
  ADD PRIMARY KEY (`id`),
  ADD UNIQUE KEY `users_email_unique` (`email`);

--
-- AUTO_INCREMENT для сохранённых таблиц
--

--
-- AUTO_INCREMENT для таблицы `catalogs`
--
ALTER TABLE `catalogs`
  MODIFY `id` int(10) UNSIGNED NOT NULL AUTO_INCREMENT, AUTO_INCREMENT=6;

--
-- AUTO_INCREMENT для таблицы `information`
--
ALTER TABLE `information`
  MODIFY `id` int(10) UNSIGNED NOT NULL AUTO_INCREMENT, AUTO_INCREMENT=6;

--
-- AUTO_INCREMENT для таблицы `migrations`
--
ALTER TABLE `migrations`
  MODIFY `id` int(10) UNSIGNED NOT NULL AUTO_INCREMENT, AUTO_INCREMENT=7;

--
-- AUTO_INCREMENT для таблицы `products`
--
ALTER TABLE `products`
  MODIFY `id` int(10) UNSIGNED NOT NULL AUTO_INCREMENT, AUTO_INCREMENT=93;

--
-- AUTO_INCREMENT для таблицы `product_orders`
--
ALTER TABLE `product_orders`
  MODIFY `id` int(10) UNSIGNED NOT NULL AUTO_INCREMENT;

--
-- AUTO_INCREMENT для таблицы `users`
--
ALTER TABLE `users`
  MODIFY `id` int(10) UNSIGNED NOT NULL AUTO_INCREMENT;
COMMIT;

/*!40101 SET CHARACTER_SET_CLIENT=@OLD_CHARACTER_SET_CLIENT */;
/*!40101 SET CHARACTER_SET_RESULTS=@OLD_CHARACTER_SET_RESULTS */;
/*!40101 SET COLLATION_CONNECTION=@OLD_COLLATION_CONNECTION */;
